tweet_id,favorite_count,retweet_count,Month,Day,Year,Time
666020888022790144,2529,527,11,15,2015,22:32
666029285002620928,132,47,11,15,2015,23:05
666033412701032448,128,46,11,15,2015,23:21
666044226329800704,308,144,11,16,2015,00:04
666049248165822464,111,40,11,16,2015,00:24
666050758794694656,136,59,11,16,2015,00:30
666051853826850816,1248,874,11,16,2015,00:35
666055525042405376,448,260,11,16,2015,00:49
666057090499244032,304,145,11,16,2015,00:55
666058600524156928,117,60,11,16,2015,01:01
666063827256086528,492,226,11,16,2015,01:22
666071193221509120,154,65,11,16,2015,01:52
666073100786774016,333,172,11,16,2015,01:59
666082916733198336,121,46,11,16,2015,02:38
666094000022159360,167,77,11,16,2015,03:22
666099513787052032,161,72,11,16,2015,03:44
666102155909144576,81,14,11,16,2015,03:55
666104133288665088,14655,6808,11,16,2015,04:02
666268910803644416,108,36,11,16,2015,14:57
666273097616637952,182,80,11,16,2015,15:14
666287406224695296,152,70,11,16,2015,16:11
666293911632134144,515,365,11,16,2015,16:37
666337882303524864,203,95,11,16,2015,19:31
666345417576210432,307,145,11,16,2015,20:01
666353288456101888,228,74,11,16,2015,20:32
666362758909284352,799,588,11,16,2015,21:10
666373753744588800,194,95,11,16,2015,21:54
666396247373291520,171,90,11,16,2015,23:23
666407126856765440,113,42,11,17,2015,00:06
666411507551481856,457,337,11,17,2015,00:24
666418789513326592,129,47,11,17,2015,00:53
666421158376562688,324,117,11,17,2015,01:02
666428276349472768,170,89,11,17,2015,01:30
666430724426358784,328,202,11,17,2015,01:40
666435652385423360,171,54,11,17,2015,02:00
666437273139982336,130,51,11,17,2015,02:06
666447344410484736,107,22,11,17,2015,02:46
666454714377183232,540,218,11,17,2015,03:16
666644823164719104,237,87,11,17,2015,15:51
666649482315059200,914,603,11,17,2015,16:09
666691418707132416,193,50,11,17,2015,18:56
666701168228331520,447,228,11,17,2015,19:35
666739327293083648,241,69,11,17,2015,22:06
666776908487630848,363,184,11,18,2015,00:36
666781792255496192,401,208,11,18,2015,00:55
666786068205871104,797,517,11,18,2015,01:12
666804364988780544,249,94,11,18,2015,02:25
666817836334096384,535,264,11,18,2015,03:18
666826780179869696,264,104,11,18,2015,03:54
666835007768551424,222,82,11,18,2015,04:27
666837028449972224,851,578,11,18,2015,04:35
666983947667116032,2659,1035,11,18,2015,14:18
666996132027977728,255,101,11,18,2015,15:07
667012601033924608,467,237,11,18,2015,16:12
667044094246576128,197,52,11,18,2015,18:17
667062181243039744,226,57,11,18,2015,19:29
667065535570550784,175,50,11,18,2015,19:43
667070482143944704,87,14,11,18,2015,20:02
667073648344346624,422,131,11,18,2015,20:15
667090893657276416,344,131,11,18,2015,21:23
667119796878725120,345,134,11,18,2015,23:18
667138269671505920,4815,2362,11,19,2015,00:32
667152164079423488,49478,18140,11,19,2015,01:27
667160273090932736,267,66,11,19,2015,01:59
667165590075940864,2799,1226,11,19,2015,02:20
667171260800061440,234,98,11,19,2015,02:43
667174963120574464,261,87,11,19,2015,02:58
667176164155375616,635,482,11,19,2015,03:02
667177989038297088,200,58,11,19,2015,03:10
667182792070062080,15007,6571,11,19,2015,03:29
667188689915760640,781,446,11,19,2015,03:52
667192066997374976,412,114,11,19,2015,04:05
667200525029539840,653,279,11,19,2015,04:39
667211855547486208,514,257,11,19,2015,05:24
667369227918143488,385,171,11,19,2015,15:49
667393430834667520,208,60,11,19,2015,17:26
667405339315146752,488,232,11,19,2015,18:13
667435689202614272,324,88,11,19,2015,20:14
667437278097252352,478,255,11,19,2015,20:20
667443425659232256,824,617,11,19,2015,20:44
667453023279554560,327,95,11,19,2015,21:22
667455448082227200,202,66,11,19,2015,21:32
667470559035432960,273,101,11,19,2015,22:32
667491009379606528,557,237,11,19,2015,23:53
667495797102141440,557,293,11,20,2015,00:12
667502640335572992,562,230,11,20,2015,00:40
667509364010450944,7105,2255,11,20,2015,01:06
667517642048163840,388,203,11,20,2015,01:39
667524857454854144,1788,1189,11,20,2015,02:08
667530908589760512,498,261,11,20,2015,02:32
667534815156183040,860,572,11,20,2015,02:47
667538891197542400,216,72,11,20,2015,03:04
667544320556335104,912,560,11,20,2015,03:25
667546741521195008,350,136,11,20,2015,03:35
667549055577362432,6085,2439,11,20,2015,03:44
667724302356258816,516,340,11,20,2015,15:20
667728196545200128,396,160,11,20,2015,15:36
667766675769573376,473,237,11,20,2015,18:09
667773195014021120,243,61,11,20,2015,18:35
667782464991965184,433,257,11,20,2015,19:12
667793409583771648,731,356,11,20,2015,19:55
667801013445750784,346,101,11,20,2015,20:25
667806454573760512,1100,528,11,20,2015,20:47
667832474953625600,301,68,11,20,2015,22:30
667861340749471744,254,84,11,21,2015,00:25
667866724293877760,3151,1100,11,21,2015,00:46
667873844930215936,662,437,11,21,2015,01:15
667878741721415680,409,127,11,21,2015,01:34
667885044254572544,861,524,11,21,2015,01:59
667886921285246976,1997,1170,11,21,2015,02:07
667902449697558528,893,394,11,21,2015,03:08
667911425562669056,520,325,11,21,2015,03:44
667915453470232576,221,59,11,21,2015,04:00
667924896115245056,318,119,11,21,2015,04:37
667937095915278336,1350,854,11,21,2015,05:26
668113020489474048,703,264,11,21,2015,17:05
668142349051129856,591,306,11,21,2015,19:02
668154635664932864,517,335,11,21,2015,19:50
668171859951755264,521,207,11,21,2015,20:59
668190681446379520,689,208,11,21,2015,22:14
668204964695683072,584,205,11,21,2015,23:10
668221241640230912,533,214,11,22,2015,00:15
668226093875376128,323,114,11,22,2015,00:34
668237644992782336,6557,3068,11,22,2015,01:20
668248472370458624,1053,523,11,22,2015,02:03
668256321989451776,1378,664,11,22,2015,02:34
668268907921326080,588,258,11,22,2015,03:24
668274247790391296,877,248,11,22,2015,03:46
668286279830867968,530,149,11,22,2015,04:33
668291999406125056,261,34,11,22,2015,04:56
668297328638447616,652,318,11,22,2015,05:17
668466899341221888,934,553,11,22,2015,16:31
668480044826800128,489,162,11,22,2015,17:23
668484198282485760,450,250,11,22,2015,17:40
668496999348633600,434,145,11,22,2015,18:31
668507509523615744,343,115,11,22,2015,19:13
668528771708952576,493,241,11,22,2015,20:37
668537837512433664,262,79,11,22,2015,21:13
668542336805281792,491,230,11,22,2015,21:31
668544745690562560,553,248,11,22,2015,21:41
668567822092664832,262,62,11,22,2015,23:12
668587383441514496,1749,1162,11,23,2015,00:30
668614819948453888,644,339,11,23,2015,02:19
668620235289837568,209,45,11,23,2015,02:41
668623201287675904,1535,845,11,23,2015,02:52
668625577880875008,415,140,11,23,2015,03:02
668627278264475648,337,122,11,23,2015,03:09
668631377374486528,753,346,11,23,2015,03:25
668633411083464704,3000,1770,11,23,2015,03:33
668636665813057536,1102,520,11,23,2015,03:46
668641109086707712,1132,571,11,23,2015,04:03
668643542311546880,932,572,11,23,2015,04:13
668645506898350080,952,582,11,23,2015,04:21
668655139528511488,558,233,11,23,2015,04:59
668779399630725120,742,403,11,23,2015,13:13
668815180734689280,605,289,11,23,2015,15:35
668826086256599040,463,150,11,23,2015,16:18
668852170888998912,479,178,11,23,2015,18:02
668872652652679168,559,321,11,23,2015,19:24
668892474547511296,418,163,11,23,2015,20:42
668902994700836864,336,107,11,23,2015,21:24
668932921458302976,283,62,11,23,2015,23:23
668955713004314624,299,77,11,24,2015,00:54
668960084974809088,751,262,11,24,2015,01:11
668967877119254528,160,25,11,24,2015,01:42
668975677807423488,1380,633,11,24,2015,02:13
668979806671884288,837,377,11,24,2015,02:29
668981893510119424,568,333,11,24,2015,02:38
668986018524233728,575,182,11,24,2015,02:54
668988183816871936,953,513,11,24,2015,03:03
668989615043424256,719,352,11,24,2015,03:08
668992363537309696,791,379,11,24,2015,03:19
668994913074286592,461,252,11,24,2015,03:29
669000397445533696,22006,6895,11,24,2015,03:51
669006782128353280,607,269,11,24,2015,04:17
669015743032369152,777,398,11,24,2015,04:52
669037058363662336,691,333,11,24,2015,06:17
669203728096960512,1071,516,11,24,2015,17:19
669214165781868544,468,181,11,24,2015,18:01
669216679721873408,955,417,11,24,2015,18:11
669324657376567296,522,221,11,25,2015,01:20
669327207240699904,609,125,11,25,2015,01:30
669328503091937280,1071,447,11,25,2015,01:35
669351434509529088,469,204,11,25,2015,03:06
669353438988365824,686,279,11,25,2015,03:14
669354382627049472,2874,1376,11,25,2015,03:18
669359674819481600,386,134,11,25,2015,03:39
669363888236994560,663,249,11,25,2015,03:56
669367896104181760,485,171,11,25,2015,04:11
669371483794317312,521,195,11,25,2015,04:26
669375718304980992,1417,783,11,25,2015,04:43
669393256313184256,382,82,11,25,2015,05:52
669564461267722240,408,132,11,25,2015,17:13
669567591774625792,248,61,11,25,2015,17:25
669571471778410496,1679,1075,11,25,2015,17:40
669573570759163904,464,156,11,25,2015,17:49
669583744538451968,1578,1008,11,25,2015,18:29
669597912108789760,545,163,11,25,2015,19:25
669603084620980224,1002,395,11,25,2015,19:46
669625907762618368,3738,1947,11,25,2015,21:17
669661792646373376,851,477,11,25,2015,23:39
669680153564442624,706,309,11,26,2015,00:52
669682095984410624,374,143,11,26,2015,01:00
669683899023405056,410,118,11,26,2015,01:07
669684865554620416,550,96,11,26,2015,01:11
669749430875258880,287,71,11,26,2015,05:28
669753178989142016,850,428,11,26,2015,05:42
669923323644657664,248,62,11,26,2015,16:59
669926384437997568,398,112,11,26,2015,17:11
669942763794931712,532,182,11,26,2015,18:16
669970042633789440,317,65,11,26,2015,20:04
669972011175813120,471,175,11,26,2015,20:12
669993076832759808,342,91,11,26,2015,21:36
670003130994700288,350,100,11,26,2015,22:16
670037189829525504,620,304,11,27,2015,00:31
670040295598354432,795,117,11,27,2015,00:43
670046952931721216,683,191,11,27,2015,01:10
670055038660800512,712,357,11,27,2015,01:42
670061506722140160,815,372,11,27,2015,02:08
670069087419133952,669,274,11,27,2015,02:38
670073503555706880,1663,866,11,27,2015,02:55
670079681849372672,2369,1357,11,27,2015,03:20
670086499208155136,735,273,11,27,2015,03:47
670093938074779648,1102,362,11,27,2015,04:16
670290420111441920,748,312,11,27,2015,17:17
670303360680108032,449,149,11,27,2015,18:09
670319130621435904,4079,1341,11,27,2015,19:11
670338931251150848,447,120,11,27,2015,20:30
670361874861563904,343,71,11,27,2015,22:01
670374371102445568,784,291,11,27,2015,22:51
670385711116361728,591,233,11,27,2015,23:36
670403879788544000,459,173,11,28,2015,00:48
670408998013820928,595,243,11,28,2015,01:08
670411370698022912,2167,983,11,28,2015,01:18
670417414769758208,601,348,11,28,2015,01:42
670420569653809152,666,337,11,28,2015,01:54
670421925039075328,1401,698,11,28,2015,02:00
670427002554466304,546,178,11,28,2015,02:20
670428280563085312,1477,688,11,28,2015,02:25
670433248821026816,342,122,11,28,2015,02:45
670434127938719744,1492,699,11,28,2015,02:48
670435821946826752,1119,564,11,28,2015,02:55
670442337873600512,689,209,11,28,2015,03:21
670444955656130560,7089,2130,11,28,2015,03:31
670449342516494336,1255,726,11,28,2015,03:49
670452855871037440,576,223,11,28,2015,04:03
670465786746662912,1032,602,11,28,2015,04:54
670468609693655040,370,90,11,28,2015,05:05
670474236058800128,1621,826,11,28,2015,05:28
670668383499735040,11363,5477,11,28,2015,18:19
670676092097810432,263,45,11,28,2015,18:50
670679630144274432,789,314,11,28,2015,19:04
670691627984359424,623,260,11,28,2015,19:51
670704688707301376,808,399,11,28,2015,20:43
670717338665226240,1294,539,11,28,2015,21:34
670727704916926464,878,397,11,28,2015,22:15
670733412878163968,1019,554,11,28,2015,22:38
670755717859713024,472,121,11,29,2015,00:06
670764103623966720,1143,460,11,29,2015,00:39
670778058496974848,344,77,11,29,2015,01:35
670780561024270336,824,312,11,29,2015,01:45
670782429121134592,1675,855,11,29,2015,01:52
670783437142401024,867,427,11,29,2015,01:56
670786190031921152,638,217,11,29,2015,02:07
670789397210615808,697,254,11,29,2015,02:20
670792680469889024,885,297,11,29,2015,02:33
670797304698376192,772,258,11,29,2015,02:51
670803562457407488,360,94,11,29,2015,03:16
670804601705242624,2084,1022,11,29,2015,03:20
670807719151067136,1221,534,11,29,2015,03:33
670811965569282048,1193,291,11,29,2015,03:50
670815497391357952,3377,1690,11,29,2015,04:04
670822709593571328,644,105,11,29,2015,04:32
670823764196741120,819,203,11,29,2015,04:37
670826280409919488,5909,4436,11,29,2015,04:47
670832455012716544,777,241,11,29,2015,05:11
670833812859932672,472,134,11,29,2015,05:16
670838202509447168,1175,750,11,29,2015,05:34
670840546554966016,628,212,11,29,2015,05:43
670842764863651840,25835,9524,11,29,2015,05:52
670995969505435648,1167,313,11,29,2015,16:01
671109016219725824,1216,475,11,29,2015,23:30
671115716440031232,1422,831,11,29,2015,23:57
671122204919246848,3696,2736,11,30,2015,00:22
671134062904504320,791,211,11,30,2015,01:10
671138694582165504,986,444,11,30,2015,01:28
671141549288370176,1236,703,11,30,2015,01:39
671147085991960576,710,249,11,30,2015,02:01
671151324042559488,712,165,11,30,2015,02:18
671154572044468224,764,236,11,30,2015,02:31
671159727754231808,397,89,11,30,2015,02:52
671163268581498880,1756,1191,11,30,2015,03:06
671166507850801152,926,385,11,30,2015,03:18
671182547775299584,1184,375,11,30,2015,04:22
671186162933985280,782,238,11,30,2015,04:37
671347597085433856,1025,468,11,30,2015,15:18
671355857343524864,505,119,11,30,2015,15:51
671357843010908160,424,156,11,30,2015,15:59
671362598324076544,1182,320,11,30,2015,16:18
671390180817915904,1501,800,11,30,2015,18:07
671485057807351808,801,251,12,01,2015,00:24
671486386088865792,617,225,12,01,2015,00:30
671488513339211776,1068,512,12,01,2015,00:38
671497587707535360,972,479,12,01,2015,01:14
671504605491109888,7445,3832,12,01,2015,01:42
671511350426865664,1716,782,12,01,2015,02:09
671518598289059840,1003,315,12,01,2015,02:38
671520732782923776,1485,579,12,01,2015,02:46
671528761649688576,891,279,12,01,2015,03:18
671533943490011136,1085,626,12,01,2015,03:39
671536543010570240,1242,439,12,01,2015,03:49
671538301157904384,981,432,12,01,2015,03:56
671542985629241344,1156,612,12,01,2015,04:14
671544874165002240,2109,1137,12,01,2015,04:22
671547767500775424,1439,646,12,01,2015,04:33
671550332464455680,963,228,12,01,2015,04:44
671561002136281088,13589,7844,12,01,2015,05:26
671729906628341760,9043,4743,12,01,2015,16:37
671735591348891648,1523,812,12,01,2015,17:00
671743150407421952,775,243,12,01,2015,17:30
671744970634719232,1417,835,12,01,2015,17:37
671763349865160704,1771,989,12,01,2015,18:50
671768281401958400,1261,567,12,01,2015,19:10
671789708968640512,7467,3773,12,01,2015,20:35
671855973984772096,972,498,12,02,2015,00:58
671866342182637568,1181,543,12,02,2015,01:39
671874878652489728,1318,597,12,02,2015,02:13
671879137494245376,1494,743,12,02,2015,02:30
671882082306625536,3657,1483,12,02,2015,02:42
671891728106971136,1402,607,12,02,2015,03:20
671896809300709376,8933,4473,12,02,2015,03:40
672068090318987264,1382,555,12,02,2015,15:01
672082170312290304,994,395,12,02,2015,15:57
672095186491711488,1051,393,12,02,2015,16:49
672125275208069120,2553,1240,12,02,2015,18:48
672139350159835136,1853,786,12,02,2015,19:44
672160042234327040,913,392,12,02,2015,21:06
672169685991993344,1068,401,12,02,2015,21:45
672205392827572224,2396,1257,12,03,2015,00:07
672222792075620352,822,230,12,03,2015,01:16
672231046314901504,1944,1083,12,03,2015,01:49
672239279297454080,942,343,12,03,2015,02:21
672245253877968896,726,168,12,03,2015,02:45
672248013293752320,1815,653,12,03,2015,02:56
672254177670729728,1501,795,12,03,2015,03:21
672256522047614976,2985,1686,12,03,2015,03:30
672264251789176832,1204,378,12,03,2015,04:01
672267570918129664,1580,663,12,03,2015,04:14
672272411274932224,6842,3646,12,03,2015,04:33
672466075045466112,1432,590,12,03,2015,17:23
672475084225949696,1522,763,12,03,2015,17:58
672481316919734272,750,135,12,03,2015,18:23
672482722825261056,1207,658,12,03,2015,18:29
672488522314567680,1180,479,12,03,2015,18:52
672523490734551040,689,188,12,03,2015,21:11
672538107540070400,1082,401,12,03,2015,22:09
672591271085670400,774,204,12,04,2015,01:40
672591762242805760,1002,362,12,04,2015,01:42
672594978741354496,1400,651,12,04,2015,01:55
672604026190569472,1177,438,12,04,2015,02:31
672609152938721280,1171,419,12,04,2015,02:51
672614745925664768,1290,638,12,04,2015,03:13
672622327801233408,1367,536,12,04,2015,03:43
672640509974827008,1025,346,12,04,2015,04:56
672828477930868736,1332,526,12,04,2015,17:23
672834301050937344,1387,620,12,04,2015,17:46
672877615439593472,1090,400,12,04,2015,20:38
672884426393653248,1647,893,12,04,2015,21:05
672898206762672128,938,457,12,04,2015,22:00
672902681409806336,1439,544,12,04,2015,22:17
672964561327235072,1515,692,12,05,2015,02:23
672968025906282496,1391,594,12,05,2015,02:37
672970152493887488,1012,384,12,05,2015,02:46
672975131468300288,1798,1004,12,05,2015,03:05
672980819271634944,1912,1069,12,05,2015,03:28
672984142909456384,1324,587,12,05,2015,03:41
672988786805112832,1027,311,12,05,2015,04:00
672995267319328768,1008,326,12,05,2015,04:25
672997845381865472,2077,781,12,05,2015,04:36
673148804208660480,1810,687,12,05,2015,14:35
673213039743795200,2391,924,12,05,2015,18:51
673240798075449344,1498,788,12,05,2015,20:41
673270968295534592,1122,397,12,05,2015,22:41
673295268553605120,7979,3454,12,06,2015,00:17
673317986296586240,917,291,12,06,2015,01:48
673320132811366400,14342,8619,12,06,2015,01:56
673342308415348736,1348,643,12,06,2015,03:24
673343217010679808,1029,288,12,06,2015,03:28
673345638550134784,2674,1406,12,06,2015,03:38
673350198937153536,772,226,12,06,2015,03:56
673352124999274496,1746,591,12,06,2015,04:03
673355879178194944,1592,647,12,06,2015,04:18
673359818736984064,1543,726,12,06,2015,04:34
673363615379013632,1078,337,12,06,2015,04:49
673576835670777856,1466,608,12,06,2015,18:56
673580926094458880,874,293,12,06,2015,19:13
673583129559498752,1263,399,12,06,2015,19:21
673612854080196608,1682,793,12,06,2015,21:19
673636718965334016,1187,403,12,06,2015,22:54
673656262056419328,761,264,12,07,2015,00:12
673662677122719744,1326,393,12,07,2015,00:37
673680198160809984,1453,517,12,07,2015,01:47
673686845050527744,1533,474,12,07,2015,02:13
673688752737402880,1317,530,12,07,2015,02:21
673689733134946304,1848,703,12,07,2015,02:25
673697980713705472,4030,2142,12,07,2015,02:58
673700254269775872,1519,627,12,07,2015,03:07
673705679337693184,1327,435,12,07,2015,03:28
673707060090052608,1169,427,12,07,2015,03:34
673708611235921920,1138,314,12,07,2015,03:40
673709992831262720,899,303,12,07,2015,03:45
673711475735838720,1105,323,12,07,2015,03:51
673715861853720576,3785,2280,12,07,2015,04:09
673716320723169280,3267,836,12,07,2015,04:11
673887867907739648,989,273,12,07,2015,15:32
673906403526995968,3374,1784,12,07,2015,16:46
673919437611909120,1240,394,12,07,2015,17:38
673956914389192704,2073,1055,12,07,2015,20:07
674008982932058112,1282,388,12,07,2015,23:33
674014384960745472,1665,706,12,07,2015,23:55
674019345211760640,1200,336,12,08,2015,00:15
674024893172875264,1904,1343,12,08,2015,00:37
674036086168010752,899,239,12,08,2015,01:21
674038233588723712,1167,448,12,08,2015,01:30
674042553264685056,768,141,12,08,2015,01:47
674045139690631168,1507,704,12,08,2015,01:57
674051556661161984,1556,525,12,08,2015,02:23
674053186244734976,3543,1423,12,08,2015,02:29
674063288070742016,6720,2423,12,08,2015,03:09
674075285688614912,1043,313,12,08,2015,03:57
674082852460433408,801,183,12,08,2015,04:27
674255168825880576,1562,612,12,08,2015,15:52
674262580978937856,1375,496,12,08,2015,16:21
674265582246694912,1742,927,12,08,2015,16:33
674269164442398720,951,250,12,08,2015,16:47
674271431610523648,1672,796,12,08,2015,16:56
674291837063053312,15693,6470,12,08,2015,18:17
674307341513269248,12055,7590,12,08,2015,19:19
674318007229923328,1500,564,12,08,2015,20:01
674330906434379776,598,82,12,08,2015,20:53
674372068062928896,914,339,12,08,2015,23:36
674394782723014656,1595,628,12,09,2015,01:07
674410619106390016,1280,514,12,09,2015,02:09
674416750885273600,726,155,12,09,2015,02:34
674422304705744896,1526,586,12,09,2015,02:56
674436901579923456,1186,424,12,09,2015,03:54
674447403907457024,1130,391,12,09,2015,04:36
674468880899788800,6620,2248,12,09,2015,06:01
674606911342424064,1003,113,12,09,2015,15:09
674632714662858752,1602,630,12,09,2015,16:52
674638615994089472,1789,644,12,09,2015,17:15
674644256330530816,1100,303,12,09,2015,17:38
674646392044941312,1516,552,12,09,2015,17:46
674664755118911488,984,274,12,09,2015,18:59
674670581682434048,1730,714,12,09,2015,19:22
674690135443775488,1230,506,12,09,2015,20:40
674737130913071104,686,102,12,09,2015,23:47
674739953134403584,1188,430,12,09,2015,23:58
674742531037511680,523,55,12,10,2015,00:08
674743008475090944,1499,602,12,10,2015,00:10
674752233200820224,1573,513,12,10,2015,00:47
674754018082705408,1453,485,12,10,2015,00:54
674764817387900928,844,262,12,10,2015,01:37
674767892831932416,1966,874,12,10,2015,01:49
674774481756377088,1204,529,12,10,2015,02:15
674781762103414784,2142,1326,12,10,2015,02:44
674788554665512960,862,229,12,10,2015,03:11
674790488185167872,1174,276,12,10,2015,03:19
674793399141146624,2676,1211,12,10,2015,03:30
674800520222154752,3208,941,12,10,2015,03:59
674805413498527744,926,389,12,10,2015,04:18
674999807681908736,2414,1221,12,10,2015,17:11
675003128568291328,1659,512,12,10,2015,17:24
675006312288268288,1045,250,12,10,2015,17:37
675015141583413248,2897,1322,12,10,2015,18:12
675047298674663424,1136,359,12,10,2015,20:19
675109292475830272,2977,1246,12,11,2015,00:26
675111688094527488,1034,277,12,11,2015,00:35
675113801096802304,2103,870,12,11,2015,00:44
675135153782571008,1385,536,12,11,2015,02:08
675145476954566656,2288,995,12,11,2015,02:49
675146535592706048,1289,343,12,11,2015,02:54
675147105808306176,1017,271,12,11,2015,02:56
675149409102012416,4011,1863,12,11,2015,03:05
675153376133427200,6024,2710,12,11,2015,03:21
675166823650848768,3884,1774,12,11,2015,04:14
675334060156301312,2985,1421,12,11,2015,15:19
675349384339542016,4217,2512,12,11,2015,16:20
675354435921575936,34990,18840,12,11,2015,16:40
675362609739206656,1130,258,12,11,2015,17:12
675372240448454656,1825,556,12,11,2015,17:51
675432746517426176,1616,624,12,11,2015,21:51
675483430902214656,1975,1069,12,12,2015,01:12
675489971617296384,1390,666,12,12,2015,01:38
675497103322386432,3365,1431,12,12,2015,02:07
675501075957489664,18370,6427,12,12,2015,02:23
675517828909424640,1401,502,12,12,2015,03:29
675522403582218240,1111,310,12,12,2015,03:47
675531475945709568,1261,424,12,12,2015,04:23
675534494439489536,1938,467,12,12,2015,04:35
675706639471788032,688,104,12,12,2015,15:59
675707330206547968,2139,762,12,12,2015,16:02
675710890956750848,2031,918,12,12,2015,16:16
675740360753160192,1248,384,12,12,2015,18:13
675781562965868544,1734,526,12,12,2015,20:57
675798442703122432,11022,3754,12,12,2015,22:04
675820929667219456,1128,256,12,12,2015,23:34
675822767435051008,1641,586,12,12,2015,23:41
675845657354215424,2461,988,12,13,2015,01:12
675849018447167488,1018,169,12,13,2015,01:25
675853064436391936,2900,1440,12,13,2015,01:41
675870721063669760,1768,626,12,13,2015,02:51
675878199931371520,4486,1559,12,13,2015,03:21
675888385639251968,2562,1061,12,13,2015,04:02
675891555769696256,2280,967,12,13,2015,04:14
675898130735476736,1760,645,12,13,2015,04:40
676089483918516224,1420,475,12,13,2015,17:21
676098748976615424,3247,1602,12,13,2015,17:57
676101918813499392,3024,1275,12,13,2015,18:10
676121918416756736,2314,1291,12,13,2015,19:30
676146341966438400,2066,737,12,13,2015,21:07
676191832485810176,2458,1136,12,14,2015,00:07
676215927814406144,1865,651,12,14,2015,01:43
676219687039057920,66623,31664,12,14,2015,01:58
676237365392908288,1320,331,12,14,2015,03:08
676263575653122048,2223,604,12,14,2015,04:52
676430933382295552,1514,384,12,14,2015,15:57
676440007570247680,1849,739,12,14,2015,16:34
676470639084101632,12541,5174,12,14,2015,18:35
676496375194980352,1625,598,12,14,2015,20:17
676533798876651520,2015,612,12,14,2015,22:46
676575501977128960,2790,1251,12,15,2015,01:32
676582956622721024,1298,309,12,15,2015,02:02
676588346097852416,2509,890,12,15,2015,02:23
676590572941893632,991,141,12,15,2015,02:32
676593408224403456,4923,2393,12,15,2015,02:43
676603393314578432,1266,435,12,15,2015,03:23
676606785097199616,2023,486,12,15,2015,03:36
676613908052996096,1172,216,12,15,2015,04:05
676617503762681856,3111,1098,12,15,2015,04:19
676776431406465024,5363,2228,12,15,2015,14:50
676811746707918848,1520,467,12,15,2015,17:11
676819651066732544,1943,737,12,15,2015,17:42
676821958043033600,24944,17433,12,15,2015,17:51
676864501615042560,2269,798,12,15,2015,20:40
676897532954456064,2419,811,12,15,2015,22:52
676916996760600576,3213,1993,12,16,2015,00:09
676936541936185344,13704,5468,12,16,2015,01:27
676942428000112640,2240,850,12,16,2015,01:50
676946864479084544,1828,421,12,16,2015,02:08
676948236477857792,2337,972,12,16,2015,02:13
676949632774234112,1403,443,12,16,2015,02:19
676957860086095872,2380,900,12,16,2015,02:51
676975532580409344,2991,1189,12,16,2015,04:01
677187300187611136,2957,1027,12,16,2015,18:03
677228873407442944,3814,1824,12,16,2015,20:48
677269281705472000,2142,784,12,16,2015,23:29
677301033169788928,1357,466,12,17,2015,01:35
677314812125323264,1782,608,12,17,2015,02:30
677328882937298944,3924,1674,12,17,2015,03:26
677331501395156992,1179,263,12,17,2015,03:36
677334615166730240,1468,326,12,17,2015,03:48
677335745548390400,3308,2003,12,17,2015,03:53
677530072887205888,1156,248,12,17,2015,16:45
677547928504967168,7511,4043,12,17,2015,17:56
677557565589463040,2648,1307,12,17,2015,18:34
677565715327688704,1397,512,12,17,2015,19:07
677573743309385728,2310,814,12,17,2015,19:39
677644091929329664,2028,882,12,18,2015,00:18
677662372920729600,2117,1093,12,18,2015,01:31
677673981332312064,3590,1663,12,18,2015,02:17
677687604918272000,2668,943,12,18,2015,03:11
677698403548192768,1324,359,12,18,2015,03:54
677700003327029248,3669,1607,12,18,2015,04:00
677716515794329600,3300,1092,12,18,2015,05:06
677895101218201600,5243,2365,12,18,2015,16:56
677918531514703872,1469,458,12,18,2015,18:29
677961670166224896,3679,1867,12,18,2015,21:20
678021115718029312,14908,7091,12,19,2015,01:16
678023323247357952,2078,436,12,19,2015,01:25
678255464182861824,1718,416,12,19,2015,16:47
678278586130948096,12452,6788,12,19,2015,18:19
678334497360859136,1418,300,12,19,2015,22:02
678341075375947776,1881,604,12,19,2015,22:28
678380236862578688,2636,1007,12,20,2015,01:03
678389028614488064,2029,467,12,20,2015,01:38
678396796259975168,1720,470,12,20,2015,02:09
678399652199309312,61983,30672,12,20,2015,02:20
678410210315247616,4608,2053,12,20,2015,03:02
678424312106393600,5879,2858,12,20,2015,03:58
678446151570427904,4334,1771,12,20,2015,05:25
678643457146150912,2236,486,12,20,2015,18:29
678675843183484928,3128,1673,12,20,2015,20:38
678708137298427904,6037,2728,12,20,2015,22:46
678740035362037760,4073,1915,12,21,2015,00:53
678755239630127104,7762,3710,12,21,2015,01:53
678764513869611008,1771,540,12,21,2015,02:30
678767140346941440,3844,1539,12,21,2015,02:41
678774928607469568,3018,1033,12,21,2015,03:12
678798276842360832,3777,1339,12,21,2015,04:44
678800283649069056,2792,1009,12,21,2015,04:52
678969228704284672,1785,524,12,21,2015,16:04
678991772295516160,2526,1323,12,21,2015,17:33
679001094530465792,3065,1372,12,21,2015,18:10
679047485189439488,2450,770,12,21,2015,21:15
679062614270468096,18589,9221,12,21,2015,22:15
679111216690831360,6468,2863,12,22,2015,01:28
679132435750195200,3233,1304,12,22,2015,02:52
679148763231985664,3012,1151,12,22,2015,03:57
679158373988876288,23410,9101,12,22,2015,04:35
679405845277462528,2584,1352,12,22,2015,20:59
679462823135686656,34641,21105,12,23,2015,00:45
679475951516934144,2288,720,12,23,2015,01:37
679503373272485888,3460,1658,12,23,2015,03:26
679511351870550016,3681,1447,12,23,2015,03:58
679527802031484928,2873,813,12,23,2015,05:03
679530280114372608,5173,2325,12,23,2015,05:13
679722016581222400,1801,536,12,23,2015,17:55
679729593985699840,2353,926,12,23,2015,18:25
679736210798047232,2286,908,12,23,2015,18:51
679777920601223168,3363,1263,12,23,2015,21:37
679828447187857408,39444,15688,12,24,2015,00:58
679844490799091712,2585,878,12,24,2015,02:02
679854723806179328,3126,1388,12,24,2015,02:42
679862121895714816,2671,697,12,24,2015,03:12
679872969355714560,2356,742,12,24,2015,03:55
679877062409191424,2143,721,12,24,2015,04:11
680055455951884288,18163,7993,12,24,2015,16:00
680070545539371008,2800,981,12,24,2015,17:00
680085611152338944,13889,9942,12,24,2015,18:00
680100725817409536,3870,1536,12,24,2015,19:00
680115823365742592,2953,1025,12,24,2015,20:00
680130881361686528,2504,1069,12,24,2015,21:00
680145970311643136,3934,1961,12,24,2015,22:00
680161097740095488,2519,821,12,24,2015,23:00
680176173301628928,4239,1747,12,25,2015,00:00
680191257256136704,2336,569,12,25,2015,01:00
680206703334408192,3088,1310,12,25,2015,02:01
680221482581123072,1585,326,12,25,2015,03:00
680440374763077632,1575,558,12,25,2015,17:30
680473011644985344,2764,837,12,25,2015,19:39
680494726643068928,1867,540,12,25,2015,21:06
680497766108381184,4611,2145,12,25,2015,21:18
680583894916304896,3920,1505,12,26,2015,03:00
680609293079592960,2879,808,12,26,2015,04:41
680798457301471232,3110,1175,12,26,2015,17:12
680801747103793152,2582,917,12,26,2015,17:25
680805554198020096,2355,745,12,26,2015,17:41
680836378243002368,3740,1497,12,26,2015,19:43
680889648562991104,1932,414,12,26,2015,23:15
680913438424612864,2598,697,12,27,2015,00:49
680934982542561280,2268,492,12,27,2015,02:15
680940246314430464,3509,1208,12,27,2015,02:36
680959110691590144,4963,2233,12,27,2015,03:51
680970795137544192,2646,742,12,27,2015,04:37
681193455364796416,4040,1673,12,27,2015,19:22
681231109724700672,2610,538,12,27,2015,21:52
681242418453299200,1635,616,12,27,2015,22:37
681261549936340992,1583,308,12,27,2015,23:53
681281657291280384,3499,1246,12,28,2015,01:12
681297372102656000,3468,1081,12,28,2015,02:15
681302363064414208,4308,2057,12,28,2015,02:35
681320187870711808,2902,854,12,28,2015,03:46
681339448655802368,10126,4560,12,28,2015,05:02
681340665377193984,1793,312,12,28,2015,05:07
681523177663676416,15635,6554,12,28,2015,17:12
681579835668455424,3866,1471,12,28,2015,20:57
681610798867845120,2087,527,12,28,2015,23:00
681654059175129088,2890,1038,12,29,2015,01:52
681679526984871936,1911,497,12,29,2015,03:33
681694085539872768,13917,4541,12,29,2015,04:31
681891461017812992,2688,946,12,29,2015,17:36
681981167097122816,3021,1152,12,29,2015,23:32
682003177596559360,3436,1713,12,30,2015,01:00
682032003584274432,7179,2274,12,30,2015,02:54
682047327939461120,3507,1082,12,30,2015,03:55
682059653698686976,5407,1902,12,30,2015,04:44
682088079302213632,19987,11164,12,30,2015,06:37
682242692827447296,3544,1334,12,30,2015,16:51
682259524040966144,4547,1369,12,30,2015,17:58
682303737705140224,3368,1125,12,30,2015,20:54
682389078323662848,1817,516,12,31,2015,02:33
682393905736888320,2425,768,12,31,2015,02:52
682406705142087680,8261,1994,12,31,2015,03:43
682429480204398592,3743,1305,12,31,2015,05:14
682638830361513984,2251,672,12,31,2015,19:05
682662431982772224,3310,1198,12,31,2015,20:39
682697186228989952,1429,395,12,31,2015,22:57
682750546109968384,1659,491,01,01,2016,02:29
682788441537560576,2684,1250,01,01,2016,05:00
682808988178739200,1937,208,01,01,2016,06:22
682962037429899264,40320,18838,01,01,2016,16:30
683030066213818368,2356,822,01,01,2016,21:00
683078886620553216,2160,628,01,02,2016,00:14
683098815881154560,2345,729,01,02,2016,01:33
683111407806746624,3714,1027,01,02,2016,02:23
683142553609318400,3140,1164,01,02,2016,04:27
683357973142474752,3211,1056,01,02,2016,18:43
683391852557561856,8297,2681,01,02,2016,20:58
683449695444799488,4250,1814,01,03,2016,00:47
683462770029932544,2667,756,01,03,2016,01:39
683481228088049664,2864,1109,01,03,2016,02:53
683498322573824000,3441,1085,01,03,2016,04:01
683515932363329536,8004,3261,01,03,2016,05:11
683742671509258240,7120,3742,01,03,2016,20:12
683773439333797888,3654,1521,01,03,2016,22:14
683828599284170752,3031,1182,01,04,2016,01:53
683834909291606016,2859,1251,01,04,2016,02:18
683849932751646720,2864,1105,01,04,2016,03:18
683852578183077888,2094,395,01,04,2016,03:28
683857920510050304,4135,1255,01,04,2016,03:50
684097758874210304,4482,1613,01,04,2016,19:43
684122891630342144,2163,534,01,04,2016,21:23
684147889187209216,3246,1691,01,04,2016,23:02
684177701129875456,2199,759,01,05,2016,01:00
684188786104872960,3803,1331,01,05,2016,01:44
684195085588783104,2086,591,01,05,2016,02:09
684200372118904832,2370,1161,01,05,2016,02:30
684222868335505408,4189,1549,01,05,2016,04:00
684225744407494656,1356,238,01,05,2016,04:11
684241637099323392,8932,3697,01,05,2016,05:14
684460069371654144,2156,624,01,05,2016,19:42
684481074559381504,4220,1312,01,05,2016,21:06
684538444857667584,2899,1078,01,06,2016,00:54
684567543613382656,3282,1404,01,06,2016,02:49
684588130326986752,4474,1584,01,06,2016,04:11
684594889858887680,9778,3981,01,06,2016,04:38
684800227459624960,2958,1111,01,06,2016,18:14
684830982659280896,38267,24289,01,06,2016,20:16
684880619965411328,2282,926,01,06,2016,23:33
684902183876321280,2038,603,01,07,2016,00:59
684914660081053696,3821,1650,01,07,2016,01:49
684926975086034944,3828,546,01,07,2016,02:38
684940049151070208,3502,1178,01,07,2016,03:30
684959798585110528,7273,3532,01,07,2016,04:48
684969860808454144,2501,434,01,07,2016,05:28
685169283572338688,4467,1606,01,07,2016,18:41
685198997565345792,2543,757,01,07,2016,20:39
685268753634967552,3397,1359,01,08,2016,01:16
685307451701334016,2247,493,01,08,2016,03:50
685315239903100928,3649,1224,01,08,2016,04:21
685321586178670592,2889,729,01,08,2016,04:46
685325112850124800,10381,4495,01,08,2016,05:00
685532292383666176,3317,1291,01,08,2016,18:43
685547936038666240,35914,17595,01,08,2016,19:45
685641971164143616,3193,878,01,09,2016,01:59
685663452032069632,3539,1644,01,09,2016,03:24
685667379192414208,2557,658,01,09,2016,03:40
685681090388975616,2212,141,01,09,2016,04:34
685906723014619136,8222,3272,01,09,2016,19:31
685943807276412928,1787,688,01,09,2016,21:58
685973236358713344,2306,605,01,09,2016,23:55
686003207160610816,1992,725,01,10,2016,01:54
686007916130873344,2696,469,01,10,2016,02:13
686034024800862208,3402,1317,01,10,2016,03:57
686035780142297088,1268,136,01,10,2016,04:04
686050296934563840,2403,831,01,10,2016,05:01
686286779679375360,4368,1869,01,10,2016,20:41
686358356425093120,2390,769,01,11,2016,01:25
686377065986265088,2419,636,01,11,2016,02:40
686386521809772544,3536,990,01,11,2016,03:17
686394059078897664,1916,763,01,11,2016,03:47
686606069955735552,2058,606,01,11,2016,17:50
686618349602762752,4010,1531,01,11,2016,18:39
686683045143953408,3051,904,01,11,2016,22:56
686730991906516992,4518,1339,01,12,2016,02:06
686749460672679936,3790,1653,01,12,2016,03:20
686760001961103360,3829,1546,01,12,2016,04:01
686947101016735744,9369,3558,01,12,2016,16:25
687096057537363968,2442,687,01,13,2016,02:17
687102708889812992,2555,1111,01,13,2016,02:43
687109925361856512,6331,2783,01,13,2016,03:12
687124485711986688,2359,567,01,13,2016,04:10
687127927494963200,5967,2569,01,13,2016,04:23
687312378585812992,4741,2135,01,13,2016,16:36
687317306314240000,21925,10311,01,13,2016,16:56
687399393394311168,2072,701,01,13,2016,22:22
687460506001633280,2227,609,01,14,2016,02:25
687476254459715584,2170,612,01,14,2016,03:28
687480748861947904,1748,280,01,14,2016,03:45
687494652870668288,2090,652,01,14,2016,04:41
687664829264453632,2110,575,01,14,2016,15:57
687704180304273408,2649,948,01,14,2016,18:33
687732144991551488,1922,740,01,14,2016,20:24
687807801670897664,2613,796,01,15,2016,01:25
687818504314159104,2744,1073,01,15,2016,02:08
687826841265172480,2970,1276,01,15,2016,02:41
687841446767013888,5968,2852,01,15,2016,03:39
688064179421470720,1872,407,01,15,2016,18:24
688116655151435776,3076,882,01,15,2016,21:52
688179443353796608,2314,665,01,16,2016,02:02
688211956440801280,2411,934,01,16,2016,04:11
688385280030670848,10133,4989,01,16,2016,15:40
688519176466644992,2508,819,01,17,2016,00:32
688547210804498432,2843,787,01,17,2016,02:23
688789766343622656,2413,745,01,17,2016,18:27
688804835492233216,1038,224,01,17,2016,19:27
688828561667567616,1497,420,01,17,2016,21:01
688894073864884224,2443,787,01,18,2016,01:22
688898160958271488,2297,883,01,18,2016,01:38
688908934925697024,2296,866,01,18,2016,02:21
688916208532455424,2983,977,01,18,2016,02:49
689143371370250240,2219,578,01,18,2016,17:52
689154315265683456,3331,1118,01,18,2016,18:36
689255633275777024,2794,1205,01,19,2016,01:18
689275259254616064,1267,283,01,19,2016,02:36
689280876073582592,2186,812,01,19,2016,02:59
689283819090870272,3598,1242,01,19,2016,03:10
689289219123089408,2454,1049,01,19,2016,03:32
689517482558820352,3707,1602,01,19,2016,18:39
689557536375177216,2246,515,01,19,2016,21:18
689599056876867584,12690,6202,01,20,2016,00:03
689623661272240128,2446,744,01,20,2016,01:41
689659372465688576,11329,4371,01,20,2016,04:03
689661964914655232,3479,1037,01,20,2016,04:13
689835978131935232,2350,844,01,20,2016,15:44
689877686181715968,3293,1331,01,20,2016,18:30
689905486972461056,2639,783,01,20,2016,20:21
689977555533848576,1485,496,01,21,2016,01:07
689993469801164800,1605,513,01,21,2016,02:10
689999384604450816,1558,422,01,21,2016,02:34
690005060500217856,3988,1890,01,21,2016,02:56
690015576308211712,2725,825,01,21,2016,03:38
690021994562220032,3048,1169,01,21,2016,04:03
690248561355657216,1832,471,01,21,2016,19:04
690348396616552448,1635,569,01,22,2016,01:40
690360449368465408,2904,1002,01,22,2016,02:28
690374419777196032,3540,968,01,22,2016,03:24
690400367696297984,2028,507,01,22,2016,05:07
690597161306841088,2152,677,01,22,2016,18:09
690607260360429568,311,19,01,22,2016,18:49
690649993829576704,1424,319,01,22,2016,21:39
690690673629138944,2529,893,01,23,2016,00:21
690728923253055488,2373,595,01,23,2016,02:53
690735892932222976,4105,1435,01,23,2016,03:20
690932576555528192,3585,1140,01,23,2016,16:22
690938899477221376,4508,2227,01,23,2016,16:47
690959652130045952,3893,1412,01,23,2016,18:09
690989312272396288,6467,3248,01,23,2016,20:07
691090071332753408,1855,384,01,24,2016,02:48
691096613310316544,3235,1013,01,24,2016,03:14
691321916024623104,2811,741,01,24,2016,18:09
691416866452082688,21137,8608,01,25,2016,00:26
691444869282295808,2875,946,01,25,2016,02:17
691459709405118464,4426,1288,01,25,2016,03:16
691483041324204032,2587,652,01,25,2016,04:49
691675652215414784,2102,572,01,25,2016,17:35
691756958957883392,3155,1152,01,25,2016,22:58
691793053716221952,8864,4696,01,26,2016,01:21
691820333922455552,4298,1846,01,26,2016,03:09
692017291282812928,3128,1073,01,26,2016,16:12
692041934689402880,3699,1417,01,26,2016,17:50
692142790915014656,1781,437,01,27,2016,00:31
692158366030913536,2348,895,01,27,2016,01:33
692187005137076224,2747,921,01,27,2016,03:26
692417313023332352,10199,3888,01,27,2016,18:42
692423280028966912,1606,262,01,27,2016,19:05
692530551048294400,2009,470,01,28,2016,02:12
692535307825213440,3484,1518,01,28,2016,02:30
692568918515392512,4707,1727,01,28,2016,04:44
692752401762250752,7453,4088,01,28,2016,16:53
692828166163931136,3134,992,01,28,2016,21:54
692894228850999296,2499,905,01,29,2016,02:17
692901601640583168,1956,678,01,29,2016,02:46
692905862751522816,2660,991,01,29,2016,03:03
692919143163629568,2906,832,01,29,2016,03:56
693095443459342336,2041,520,01,29,2016,15:36
693109034023534592,1881,690,01,29,2016,16:30
693155686491000832,8607,3598,01,29,2016,19:36
693231807727280128,3107,831,01,30,2016,00:38
693262851218264064,2435,562,01,30,2016,02:41
693267061318012928,2599,919,01,30,2016,02:58
693280720173801472,3647,1394,01,30,2016,03:52
693486665285931008,1924,694,01,30,2016,17:31
693582294167244800,1796,291,01,30,2016,23:51
693590843962331136,5527,2213,01,31,2016,00:25
693622659251335168,1682,419,01,31,2016,02:31
693629975228977152,2672,888,01,31,2016,03:00
693642232151285760,2771,466,01,31,2016,03:49
693644216740769792,1465,147,01,31,2016,03:57
693647888581312512,2938,668,01,31,2016,04:11
693942351086120960,1882,413,01,31,2016,23:42
693993230313091072,2032,455,02,01,2016,03:04
694001791655137280,3679,1171,02,01,2016,03:38
694183373896572928,3207,1034,02,01,2016,15:39
694206574471057408,4562,2281,02,01,2016,17:11
694329668942569472,2186,564,02,02,2016,01:21
694342028726001664,1712,552,02,02,2016,02:10
694352839993344000,2228,695,02,02,2016,02:53
694356675654983680,1640,324,02,02,2016,03:08
694669722378485760,25905,13400,02,02,2016,23:52
694905863685980160,3022,1045,02,03,2016,15:30
694925794720792576,2939,1034,02,03,2016,16:49
695051054296211456,2902,881,02,04,2016,01:07
695064344191721472,1757,677,02,04,2016,02:00
695074328191332352,3087,1231,02,04,2016,02:40
695095422348574720,2864,680,02,04,2016,04:03
695314793360662528,3979,1659,02,04,2016,18:35
695409464418041856,9389,3987,02,05,2016,00:51
695446424020918272,4759,2013,02,05,2016,03:18
695629776980148224,4976,2360,02,05,2016,15:27
695767669421768704,2043,845,02,06,2016,00:35
695794761660297216,3469,876,02,06,2016,02:22
695816827381944320,3268,1310,02,06,2016,03:50
696100768806522880,2112,742,02,06,2016,22:38
696405997980676096,3507,1277,02,07,2016,18:51
696488710901260288,2773,1159,02,08,2016,00:20
696490539101908992,1330,168,02,08,2016,00:27
696518437233913856,4245,1876,02,08,2016,02:18
696713835009417216,2591,746,02,08,2016,15:14
696744641916489728,2274,1065,02,08,2016,17:17
696754882863349760,1600,394,02,08,2016,17:58
696877980375769088,2672,795,02,09,2016,02:07
696886256886657024,5269,1997,02,09,2016,02:40
696894894812565504,2571,755,02,09,2016,03:14
696900204696625152,3477,1149,02,09,2016,03:35
697242256848379904,2727,746,02,10,2016,02:14
697255105972801536,3290,1306,02,10,2016,03:05
697259378236399616,3587,1124,02,10,2016,03:22
697270446429966336,5088,2074,02,10,2016,04:06
697463031882764288,3723,1545,02,10,2016,16:51
697482927769255936,2639,761,02,10,2016,18:11
697516214579523584,2263,1269,02,10,2016,20:23
697575480820686848,2235,567,02,11,2016,00:18
697596423848730624,3291,1416,02,11,2016,01:42
697616773278015488,3440,1134,02,11,2016,03:02
697630435728322560,1900,607,02,11,2016,03:57
697881462549430272,3288,1325,02,11,2016,20:34
697943111201378304,2617,771,02,12,2016,00:39
697990423684476928,3578,1445,02,12,2016,03:47
697995514407682048,1656,369,02,12,2016,04:07
698178924120031232,3069,822,02,12,2016,16:16
698195409219559424,18270,6694,02,12,2016,17:22
698262614669991936,5174,2254,02,12,2016,21:49
698342080612007936,2470,1063,02,13,2016,03:05
698355670425473024,2029,509,02,13,2016,03:59
698549713696649216,2518,697,02,13,2016,16:50
698635131305795584,1389,383,02,13,2016,22:29
698703483621523456,1593,425,02,14,2016,03:01
698710712454139904,2693,769,02,14,2016,03:29
698907974262222848,2769,694,02,14,2016,16:33
698953797952008192,2944,1008,02,14,2016,19:35
698989035503689728,3683,1102,02,14,2016,21:55
699036661657767936,2844,1334,02,15,2016,01:05
699060279947165696,4135,2037,02,15,2016,02:38
699072405256409088,3268,1313,02,15,2016,03:27
699079609774645248,2662,735,02,15,2016,03:55
699088579889332224,2436,708,02,15,2016,04:31
699323444782047232,3444,975,02,15,2016,20:04
699370870310113280,2045,494,02,15,2016,23:13
699413908797464576,2244,687,02,16,2016,02:04
699423671849451520,1493,377,02,16,2016,02:42
699434518667751424,2370,572,02,16,2016,03:25
699446877801091072,6470,2919,02,16,2016,04:15
699691744225525760,11174,5136,02,16,2016,20:28
699775878809702400,2131,679,02,17,2016,02:02
699779630832685056,3016,1389,02,17,2016,02:17
699788877217865728,2451,554,02,17,2016,02:54
699801817392291840,3320,1083,02,17,2016,03:45
700002074055016448,3606,1519,02,17,2016,17:01
700029284593901568,2251,653,02,17,2016,18:49
700062718104104960,2873,774,02,17,2016,21:02
700143752053182464,8216,3093,02,18,2016,02:24
700151421916807168,2437,748,02,18,2016,02:54
700167517596164096,2885,830,02,18,2016,03:58
700462010979500032,4507,2015,02,18,2016,23:28
700505138482569216,2472,640,02,19,2016,02:20
700518061187723264,2868,906,02,19,2016,03:11
700747788515020800,24939,10545,02,19,2016,18:24
700796979434098688,2658,1075,02,19,2016,21:39
700847567345688576,2633,555,02,20,2016,01:00
700864154249383936,2813,681,02,20,2016,02:06
700890391244103680,2422,648,02,20,2016,03:51
701214700881756160,13373,5755,02,21,2016,01:19
701545186879471616,2888,676,02,21,2016,23:13
701570477911896064,3064,1047,02,22,2016,00:53
701601587219795968,2269,519,02,22,2016,02:57
701805642395348992,3726,1886,02,22,2016,16:27
701889187134500864,3879,1545,02,22,2016,21:59
701952816642965504,4138,1140,02,23,2016,02:12
701981390485725184,3731,1098,02,23,2016,04:06
702217446468493312,5236,1508,02,23,2016,19:44
702276748847800320,2692,854,02,23,2016,23:39
702321140488925184,3580,1148,02,24,2016,02:36
702332542343577600,3479,1735,02,24,2016,03:21
702539513671897088,3116,1080,02,24,2016,17:04
702598099714314240,11259,3680,02,24,2016,20:56
702671118226825216,2390,630,02,25,2016,01:47
702684942141153280,3505,1210,02,25,2016,02:42
702899151802126336,1759,503,02,25,2016,16:53
702932127499816960,2805,809,02,25,2016,19:04
703041949650034688,28781,14038,02,26,2016,02:20
703079050210877440,8022,3467,02,26,2016,04:48
703268521220972544,2138,617,02,26,2016,17:20
703356393781329920,2074,428,02,26,2016,23:10
703382836347330560,3812,1275,02,27,2016,00:55
703407252292673536,2671,777,02,27,2016,02:32
703425003149250560,4141,1548,02,27,2016,03:42
703611486317502464,4206,1695,02,27,2016,16:03
703631701117943808,2831,765,02,27,2016,17:24
703769065844768768,3596,1264,02,28,2016,02:29
703774238772166656,2010,521,02,28,2016,02:50
704054845121142784,3188,1021,02,28,2016,21:25
704113298707505152,2022,627,02,29,2016,01:17
704134088924532736,1646,518,02,29,2016,02:40
704347321748819968,1718,391,02,29,2016,16:47
704364645503647744,8751,3964,02,29,2016,17:56
704480331685040128,3701,1188,03,01,2016,01:36
704491224099647488,837,97,03,01,2016,02:19
704499785726889984,3196,1116,03,01,2016,02:53
704761120771465216,7224,3234,03,01,2016,20:11
704819833553219584,2879,1126,03,02,2016,00:05
704847917308362752,5555,1717,03,02,2016,01:56
704859558691414016,2448,607,03,02,2016,02:43
704871453724954624,4583,1244,03,02,2016,03:30
705066031337840640,2357,677,03,02,2016,16:23
705102439679201280,2332,579,03,02,2016,18:48
705223444686888960,2808,897,03,03,2016,02:49
705239209544720384,3261,841,03,03,2016,03:51
705428427625635840,4162,1915,03,03,2016,16:23
705442520700944384,4848,1842,03,03,2016,17:19
705475953783398400,3215,1037,03,03,2016,19:32
705591895322394624,3443,1295,03,04,2016,03:13
705786532653883392,2116,590,03,04,2016,16:06
705898680587526144,2578,635,03,04,2016,23:32
705970349788291072,3418,1002,03,05,2016,04:17
705975130514706432,3377,832,03,05,2016,04:36
706153300320784384,1619,429,03,05,2016,16:24
706166467411222528,5590,1804,03,05,2016,17:16
706169069255446528,4254,2488,03,05,2016,17:26
706265994973601792,2956,1021,03,05,2016,23:51
706291001778950144,1844,519,03,06,2016,01:31
706310011488698368,23318,8949,03,06,2016,02:46
706346369204748288,3747,1030,03,06,2016,05:11
706516534877929472,3376,1145,03,06,2016,16:27
706538006853918720,3749,1572,03,06,2016,17:52
706593038911545344,2347,713,03,06,2016,21:31
706644897839910912,2796,1218,03,07,2016,00:57
706681918348251136,3598,1085,03,07,2016,03:24
706901761596989440,2251,673,03,07,2016,17:58
706904523814649856,15835,8751,03,07,2016,18:09
707014260413456384,2490,658,03,08,2016,01:25
707021089608753152,4414,1533,03,08,2016,01:52
707038192327901184,2387,895,03,08,2016,03:00
707059547140169728,2777,751,03,08,2016,04:25
707297311098011648,2999,900,03,08,2016,20:09
707315916783140864,2684,721,03,08,2016,21:23
707377100785885184,3573,1201,03,09,2016,01:26
707387676719185920,3820,1474,03,09,2016,02:08
707411934438625280,2469,669,03,09,2016,03:45
707420581654872064,2475,782,03,09,2016,04:19
707610948723478528,18424,7178,03,09,2016,16:56
707629649552134144,2809,982,03,09,2016,18:10
707693576495472640,3725,1116,03,09,2016,22:24
707738799544082432,4456,2762,03,10,2016,01:24
707741517457260544,2701,690,03,10,2016,01:35
707776935007539200,3559,1067,03,10,2016,03:55
707969809498152960,2929,1085,03,10,2016,16:42
707983188426153984,51,2,03,10,2016,17:35
707995814724026368,3357,1265,03,10,2016,18:25
708026248782585856,4755,2151,03,10,2016,20:26
708109389455101952,2104,604,03,11,2016,01:56
708119489313951744,2917,1095,03,11,2016,02:36
708130923141795840,3677,933,03,11,2016,03:22
708149363256774656,4626,1714,03,11,2016,04:35
708349470027751424,2542,827,03,11,2016,17:50
708356463048204288,3903,1510,03,11,2016,18:18
708400866336894976,17384,11236,03,11,2016,21:15
708469915515297792,3340,918,03,12,2016,01:49
708479650088034304,2749,758,03,12,2016,02:28
708711088997666816,2769,822,03,12,2016,17:47
708738143638450176,2974,908,03,12,2016,19:35
708810915978854400,17914,7776,03,13,2016,00:24
708834316713893888,1842,565,03,13,2016,01:57
708845821941387264,3208,1004,03,13,2016,02:43
708853462201716736,1932,736,03,13,2016,03:13
709042156699303936,5161,1848,03,13,2016,15:43
709158332880297984,2220,467,03,13,2016,23:24
709179584944730112,2196,757,03,14,2016,00:49
709198395643068416,2617,714,03,14,2016,02:04
709207347839836160,13653,6504,03,14,2016,02:39
709225125749587968,2599,641,03,14,2016,03:50
709409458133323776,2836,779,03,14,2016,16:02
709449600415961088,2411,660,03,14,2016,18:42
709519240576036864,1610,274,03,14,2016,23:19
709556954897764352,3568,1194,03,15,2016,01:48
709566166965075968,3834,1359,03,15,2016,02:25
709852847387627520,3796,1324,03,15,2016,21:24
709901256215666688,728,110,03,16,2016,00:37
709918798883774464,3229,1204,03,16,2016,01:46
710117014656950272,5965,2218,03,16,2016,14:54
710140971284037632,2995,995,03,16,2016,16:29
710153181850935296,3135,996,03,16,2016,17:18
710269109699739648,2591,1250,03,17,2016,00:58
710272297844797440,4903,1409,03,17,2016,01:11
710283270106132480,2296,576,03,17,2016,01:55
710296729921429504,2556,825,03,17,2016,02:48
710588934686908416,4930,2092,03,17,2016,22:09
710609963652087808,5187,2605,03,17,2016,23:33
710658690886586368,2507,631,03,18,2016,02:46
710833117892898816,2919,601,03,18,2016,14:19
710844581445812224,2760,773,03,18,2016,15:05
710997087345876992,4931,1550,03,19,2016,01:11
711008018775851008,3249,701,03,19,2016,01:54
711306686208872448,3577,811,03,19,2016,21:41
711363825979756544,3968,1280,03,20,2016,01:28
711652651650457600,4204,1030,03,20,2016,20:36
711694788429553664,35603,20320,03,20,2016,23:23
711732680602345472,9693,4605,03,21,2016,01:54
711743778164514816,3079,1095,03,21,2016,02:38
711968124745228288,8721,2578,03,21,2016,17:30
712065007010385920,2439,697,03,21,2016,23:55
712085617388212224,3507,551,03,22,2016,01:16
712092745624633344,3187,1011,03,22,2016,01:45
712097430750289920,4114,1161,03,22,2016,02:03
712309440758808576,268,26,03,22,2016,16:06
712438159032893440,5763,1739,03,23,2016,00:37
712668654853337088,4503,1359,03,23,2016,15:53
712717840512598016,13380,5564,03,23,2016,19:09
712809025985978368,20230,7529,03,24,2016,01:11
713175907180089344,4825,1616,03,25,2016,01:29
713177543487135744,7804,3156,03,25,2016,01:35
713411074226274304,4770,1431,03,25,2016,17:03
713761197720473600,5280,1536,03,26,2016,16:15
713900603437621248,3046,826,03,27,2016,01:29
713909862279876608,2058,610,03,27,2016,02:05
713919462244790272,3539,865,03,27,2016,02:43
714141408463036416,4647,1556,03,27,2016,17:25
714214115368108032,2466,982,03,27,2016,22:14
714251586676113408,3540,937,03,28,2016,00:43
714258258790387712,3255,803,03,28,2016,01:10
714485234495041536,2945,1297,03,28,2016,16:12
714606013974974464,3915,1034,03,29,2016,00:12
714631576617938944,3548,1115,03,29,2016,01:53
714957620017307648,4478,1584,03,29,2016,23:29
714962719905021952,7973,4781,03,29,2016,23:49
714982300363173888,4066,1157,03,30,2016,01:07
715009755312439296,4520,1387,03,30,2016,02:56
715200624753819648,5542,2092,03,30,2016,15:34
715220193576927232,2612,733,03,30,2016,16:52
715342466308784128,3270,764,03,31,2016,00:58
715360349751484416,5912,1753,03,31,2016,02:09
715680795826982912,4683,1802,03,31,2016,23:22
715696743237730304,4227,1440,04,01,2016,00:26
715704790270025728,3038,630,04,01,2016,00:58
715733265223708672,5058,1901,04,01,2016,02:51
715758151270801408,4054,1582,04,01,2016,04:30
715928423106027520,3460,983,04,01,2016,15:46
716080869887381504,5231,1922,04,02,2016,01:52
716285507865542656,3016,1217,04,02,2016,15:25
716439118184652800,2559,246,04,03,2016,01:36
716447146686459904,14223,6568,04,03,2016,02:08
716730379797970944,1333,473,04,03,2016,20:53
716791146589110272,5179,1470,04,04,2016,00:55
716802964044845056,4601,1306,04,04,2016,01:41
717009362452090880,3550,1095,04,04,2016,15:22
717047459982213120,6782,2123,04,04,2016,17:53
717421804990701568,3419,939,04,05,2016,18:41
717428917016076288,1732,506,04,05,2016,19:09
717537687239008256,6246,2049,04,06,2016,02:21
717790033953034240,3146,1262,04,06,2016,19:04
717841801130979328,2646,664,04,06,2016,22:29
718234618122661888,4186,1116,04,08,2016,00:30
718246886998687744,2091,561,04,08,2016,01:19
718454725339934720,5275,1673,04,08,2016,15:05
718460005985447936,2923,604,04,08,2016,15:26
718540630683709440,2708,1128,04,08,2016,20:46
718613305783398400,2650,537,04,09,2016,01:35
718631497683582976,20568,9017,04,09,2016,02:47
718939241951195136,5680,1957,04,09,2016,23:10
718971898235854848,3787,1222,04,10,2016,01:20
719332531645071360,3684,1068,04,11,2016,01:13
719339463458033664,4783,1390,04,11,2016,01:41
719367763014393856,3009,820,04,11,2016,03:33
719551379208073216,5488,2166,04,11,2016,15:43
719704490224398336,4941,1621,04,12,2016,01:51
719991154352222208,5242,1956,04,12,2016,20:50
720043174954147840,5300,2231,04,13,2016,00:17
720059472081784832,4203,1260,04,13,2016,01:22
720340705894408192,3104,1088,04,13,2016,19:59
720389942216527872,6938,2811,04,13,2016,23:15
720415127506415616,4471,1660,04,14,2016,00:55
720775346191278080,2686,751,04,15,2016,00:46
720785406564900864,3379,859,04,15,2016,01:26
721001180231503872,2725,684,04,15,2016,15:44
721503162398597120,5054,2107,04,17,2016,00:58
722613351520608256,5365,1820,04,20,2016,02:30
722974582966214656,4456,1743,04,21,2016,02:25
723179728551723008,5725,2089,04,21,2016,16:00
723673163800948736,3269,1001,04,23,2016,00:41
723688335806480384,8385,3315,04,23,2016,01:41
723912936180330496,4215,1362,04,23,2016,16:34
724004602748780544,4527,1774,04,23,2016,22:38
724046343203856384,2882,615,04,24,2016,01:24
724049859469295616,4700,1972,04,24,2016,01:38
724405726123311104,5757,1831,04,25,2016,01:12
724771698126512128,2571,715,04,26,2016,01:26
724983749226668032,4011,1448,04,26,2016,15:29
725458796924002304,1528,698,04,27,2016,22:57
725729321944506368,5613,1989,04,28,2016,16:52
725786712245440512,4506,1514,04,28,2016,20:40
725842289046749184,7645,2948,04,29,2016,00:21
726224900189511680,4776,1291,04,30,2016,01:41
726828223124897792,3859,1119,05,01,2016,17:38
726887082820554752,4166,1668,05,01,2016,21:32
726935089318363136,7464,2727,05,02,2016,00:43
727155742655025152,3953,1481,05,02,2016,15:20
727175381690781696,4184,1532,05,02,2016,16:38
727286334147182592,3298,915,05,02,2016,23:59
727314416056803328,3598,830,05,03,2016,01:50
727524757080539136,4860,1367,05,03,2016,15:46
727644517743104000,6387,1946,05,03,2016,23:42
727685679342333952,3184,714,05,04,2016,02:26
728015554473250816,4444,1212,05,05,2016,00:16
728035342121635840,4921,1857,05,05,2016,01:35
728046963732717568,4686,1313,05,05,2016,02:21
728387165835677696,3970,1070,05,06,2016,00:53
728409960103686144,5334,2252,05,06,2016,02:24
728653952833728512,3603,1162,05,06,2016,18:33
728751179681943552,3021,752,05,07,2016,00:59
728760639972315136,5054,1897,05,07,2016,01:37
728986383096946688,3437,908,05,07,2016,16:34
729113531270991872,2040,366,05,08,2016,00:59
729463711119904768,6306,2567,05,09,2016,00:11
729823566028484608,4329,1382,05,10,2016,00:01
729838605770891264,1844,426,05,10,2016,01:00
729854734790754304,4368,1248,05,10,2016,02:05
730196704625098752,5303,2150,05,11,2016,00:43
730211855403241472,4151,1176,05,11,2016,01:44
730427201120833536,3775,1166,05,11,2016,15:59
730573383004487680,5362,2412,05,12,2016,01:40
730924654643314688,6637,2211,05,13,2016,00:56
731156023742988288,4165,1422,05,13,2016,16:15
731285275100512256,3783,1084,05,14,2016,00:49
732005617171337216,16228,6103,05,16,2016,00:31
732375214819057664,8776,2813,05,17,2016,01:00
732585889486888960,3995,860,05,17,2016,14:57
732726085725589504,3834,995,05,18,2016,00:14
732732193018155008,2657,596,05,18,2016,00:39
733109485275860992,44349,17446,05,19,2016,01:38
733460102733135872,4578,1435,05,20,2016,00:51
733482008106668032,3419,1059,05,20,2016,02:18
733822306246479872,3993,1135,05,21,2016,00:50
733828123016450048,3898,870,05,21,2016,01:13
734559631394082816,1634,448,05,23,2016,01:40
734776360183431168,2723,606,05,23,2016,16:01
734787690684657664,13637,7046,05,23,2016,16:46
734912297295085568,2967,571,05,24,2016,01:02
735137028879360000,3404,1087,05,24,2016,15:55
735256018284875776,3654,983,05,24,2016,23:47
735274964362878976,9553,4666,05,25,2016,01:03
735635087207878656,6742,2638,05,26,2016,00:54
735648611367784448,4374,1226,05,26,2016,01:47
735991953473572864,3913,1277,05,27,2016,00:32
736010884653420544,8599,3324,05,27,2016,01:47
736225175608430592,8844,3088,05,27,2016,15:58
736365877722001408,4345,1401,05,28,2016,01:18
736392552031657984,19322,8311,05,28,2016,03:04
736736130620620800,4703,1953,05,29,2016,01:49
737310737551491072,15954,8275,05,30,2016,15:52
737322739594330112,3928,899,05,30,2016,16:40
737445876994609152,11230,5005,05,31,2016,00:49
737678689543020544,5494,1503,05,31,2016,16:14
737800304142471168,10883,3871,06,01,2016,00:17
737826014890496000,5716,1996,06,01,2016,02:00
738156290900254720,2754,741,06,01,2016,23:52
738166403467907072,9573,3809,06,02,2016,00:32
738184450748633088,4692,1352,06,02,2016,01:44
738402415918125056,3576,944,06,02,2016,16:10
738537504001953792,5541,1749,06,03,2016,01:07
738883359779196928,3648,910,06,04,2016,00:01
738885046782832640,4101,1270,06,04,2016,00:08
738891149612572672,115,6,06,04,2016,00:32
739238157791694848,74650,51905,06,04,2016,23:31
739485634323156992,7829,3285,06,05,2016,15:54
739544079319588864,43382,24088,06,05,2016,19:47
739606147276148736,5870,1858,06,05,2016,23:53
739623569819336704,4151,1531,06,06,2016,01:02
739844404073074688,4114,956,06,06,2016,15:40
739932936087216128,4417,1208,06,06,2016,21:32
739979191639244800,21758,6649,06,07,2016,00:36
740214038584557568,7281,2202,06,07,2016,16:09
740359016048689152,3591,957,06,08,2016,01:45
740365076218183680,2706,487,06,08,2016,02:09
740373189193256960,37652,14974,06,08,2016,02:41
740676976021798912,19749,7644,06,08,2016,22:48
740699697422163968,3080,882,06,09,2016,00:19
740711788199743488,3720,1056,06,09,2016,01:07
740995100998766592,6972,3121,06,09,2016,19:52
741067306818797568,10272,3482,06,10,2016,00:39
741099773336379392,10918,6201,06,10,2016,02:48
741303864243200000,9580,3619,06,10,2016,16:19
741438259667034112,4002,933,06,11,2016,01:13
741743634094141440,8897,3111,06,11,2016,21:27
741793263812808704,4949,1684,06,12,2016,00:44
742150209887731712,5613,1762,06,13,2016,00:22
742161199639494656,4715,1533,06,13,2016,01:06
742385895052087296,7405,2242,06,13,2016,15:59
742423170473463808,10734,4284,06,13,2016,18:27
742465774154047488,7871,4346,06,13,2016,21:16
742528092657332224,4845,2228,06,14,2016,01:24
742534281772302336,7679,3978,06,14,2016,01:49
743210557239623680,4182,1539,06,15,2016,22:36
743222593470234624,6753,2142,06,15,2016,23:24
743253157753532416,4588,1356,06,16,2016,01:25
743510151680958464,8598,4153,06,16,2016,18:26
743545585370791936,3841,1053,06,16,2016,20:47
743595368194129920,20133,7371,06,17,2016,00:05
743609206067040256,4883,1549,06,17,2016,01:00
743895849529389056,3969,1072,06,17,2016,19:59
743980027717509120,4526,1225,06,18,2016,01:33
744223424764059648,1851,421,06,18,2016,17:41
744234799360020480,130249,78853,06,18,2016,18:26
744334592493166592,7389,2398,06,19,2016,01:02
744709971296780288,6113,1753,06,20,2016,01:54
744971049620602880,8602,3016,06,20,2016,19:11
744995568523612160,3256,706,06,20,2016,20:49
745057283344719872,7892,2563,06,21,2016,00:54
745074613265149952,8543,3953,06,21,2016,02:03
745314880350101504,7804,3105,06,21,2016,17:58
745422732645535744,9348,2749,06,22,2016,01:06
745433870967832576,7764,2861,06,22,2016,01:50
745712589599014912,7608,2618,06,22,2016,20:18
745789745784041472,4403,1202,06,23,2016,01:25
746056683365994496,3874,924,06,23,2016,19:05
746131877086527488,7522,2483,06,24,2016,00:04
746369468511756288,6598,1840,06,24,2016,15:48
746507379341139968,5059,1220,06,25,2016,00:56
746542875601690624,5490,2086,06,25,2016,03:17
746726898085036032,6605,2023,06,25,2016,15:29
746757706116112384,10433,4385,06,25,2016,17:31
746790600704425984,5313,1797,06,25,2016,19:42
746818907684614144,5770,1929,06,25,2016,21:34
746872823977771008,6543,2412,06,26,2016,01:08
746906459439529984,3150,333,06,26,2016,03:22
747103485104099328,10479,4517,06,26,2016,16:25
747204161125646336,3693,1029,06,26,2016,23:05
747219827526344704,5745,1777,06,27,2016,00:07
747439450712596480,5937,2168,06,27,2016,14:40
747461612269887488,4231,1164,06,27,2016,16:08
747512671126323200,6070,1788,06,27,2016,19:31
747594051852075008,4037,1194,06,28,2016,00:54
747600769478692864,2530,614,06,28,2016,01:21
747648653817413632,14081,6554,06,28,2016,04:31
747651430853525504,1505,177,06,28,2016,04:42
747816857231626240,5305,1309,06,28,2016,15:40
747844099428986880,3062,843,06,28,2016,17:28
747885874273214464,3220,1111,06,28,2016,20:14
747933425676525568,7257,2871,06,28,2016,23:23
747963614829678592,6346,2427,06,29,2016,01:23
748220828303695872,15433,8748,06,29,2016,18:25
748307329658011648,4007,804,06,30,2016,00:09
748324050481647616,4049,864,06,30,2016,01:15
748337862848962560,8399,4652,06,30,2016,02:10
748346686624440320,5698,1401,06,30,2016,02:45
748568946752774144,2394,770,06,30,2016,17:28
748575535303884800,6653,2252,06,30,2016,17:54
748692773788876800,4628,1494,07,01,2016,01:40
748699167502000128,5187,1804,07,01,2016,02:06
748705597323898880,3024,1059,07,01,2016,02:31
748932637671223296,6414,2544,07,01,2016,17:33
748977405889503232,11169,3732,07,01,2016,20:31
749036806121881600,3404,893,07,02,2016,00:27
749064354620928000,5248,1706,07,02,2016,02:17
749075273010798592,6318,2340,07,02,2016,03:00
749317047558017024,6024,2487,07,02,2016,19:01
749395845976588288,9430,3917,07,03,2016,00:14
749403093750648832,2873,612,07,03,2016,00:43
749417653287129088,6670,1883,07,03,2016,01:41
749774190421639168,5084,1486,07,04,2016,01:17
749981277374128128,5584,2761,07,04,2016,15:00
749996283729883136,3317,909,07,04,2016,16:00
750011400160841728,3544,1027,07,04,2016,17:00
750026558547456000,2966,883,07,04,2016,18:00
750041628174217216,3473,696,07,04,2016,19:00
750056684286914560,3423,1004,07,04,2016,20:00
750071704093859840,8607,3766,07,04,2016,21:00
750086836815486976,2371,612,07,04,2016,22:00
750101899009982464,3330,950,07,04,2016,23:00
750117059602808832,4716,1451,07,05,2016,00:00
750132105863102464,3965,1426,07,05,2016,01:00
750147208377409536,3389,1088,07,05,2016,02:00
750381685133418496,759,37,07,05,2016,17:31
750383411068534784,4979,1297,07,05,2016,17:38
750429297815552000,14461,4899,07,05,2016,20:41
750506206503038976,4892,1304,07,06,2016,01:46
750719632563142656,14522,5695,07,06,2016,15:54
750868782890057728,5271,1578,07,07,2016,01:47
751132876104687616,5586,1468,07,07,2016,19:16
751205363882532864,6902,2066,07,08,2016,00:04
751251247299190784,13687,6622,07,08,2016,03:07
751456908746354688,3497,1120,07,08,2016,16:44
751538714308972544,5510,1434,07,08,2016,22:09
751583847268179968,4824,1253,07,09,2016,01:08
751598357617971200,8633,3409,07,09,2016,02:06
751793661361422336,6428,3289,07,09,2016,15:02
751830394383790080,6377,2202,07,09,2016,17:28
751937170840121344,5729,1509,07,10,2016,00:32
751950017322246144,3389,1047,07,10,2016,01:23
752173152931807232,6540,2093,07,10,2016,16:10
752334515931054080,4204,1252,07,11,2016,02:51
752519690950500352,8100,3881,07,11,2016,15:07
752568224206688256,6092,2577,07,11,2016,18:20
752660715232722944,4850,1779,07,12,2016,00:27
752682090207055872,6599,1819,07,12,2016,01:52
752917284578922496,7533,1774,07,12,2016,17:27
752932432744185856,13870,7713,07,12,2016,18:27
753026973505581056,4259,1101,07,13,2016,00:43
753039830821511168,40780,23755,07,13,2016,01:34
753294487569522688,3735,1177,07,13,2016,18:26
753375668877008896,8342,2634,07,13,2016,23:48
753398408988139520,6353,2164,07,14,2016,01:19
753420520834629632,8670,4034,07,14,2016,02:47
753655901052166144,6412,2466,07,14,2016,18:22
754011816964026368,9663,4055,07,15,2016,17:56
754120377874386944,8611,2651,07,16,2016,01:08
754449512966619136,4123,831,07,16,2016,22:55
754482103782404096,5817,2200,07,17,2016,01:05
754747087846248448,2831,588,07,17,2016,18:38
754856583969079296,7552,2851,07,18,2016,01:53
755110668769038336,23302,12511,07,18,2016,18:43
755206590534418432,18091,6100,07,19,2016,01:04
755955933503782912,8049,3258,07,21,2016,02:41
756275833623502848,7073,1726,07,21,2016,23:53
756288534030475264,28310,14906,07,22,2016,00:43
756303284449767424,4337,1220,07,22,2016,01:42
756526248105566208,11424,4126,07,22,2016,16:28
756651752796094464,5574,1499,07,23,2016,00:46
756939218950160384,7290,2276,07,23,2016,19:49
756998049151549440,6889,2250,07,23,2016,23:42
757354760399941632,4958,1616,07,24,2016,23:20
757393109802180608,6423,1987,07,25,2016,01:52
757400162377592832,16647,7684,07,25,2016,02:20
757596066325864448,4777,1203,07,25,2016,15:19
757611664640446464,4995,1261,07,25,2016,16:21
757725642876129280,4986,1377,07,25,2016,23:54
757741869644341248,7565,3675,07,26,2016,00:58
758041019896193024,2985,430,07,26,2016,20:47
758099635764359168,21152,11434,07,27,2016,00:40
758355060040593408,3777,1233,07,27,2016,17:35
758405701903519744,5722,2183,07,27,2016,20:56
758467244762497024,5287,2507,07,28,2016,01:00
758474966123810816,4193,1121,07,28,2016,01:31
758740312047005696,6301,1814,07,28,2016,19:06
758828659922702336,12293,4339,07,29,2016,00:57
758854675097526272,3884,1017,07,29,2016,02:40
759047813560868864,7177,2281,07,29,2016,15:27
759099523532779520,15978,4771,07,29,2016,18:53
759197388317847552,6683,2205,07,30,2016,01:22
759446261539934208,1838,555,07,30,2016,17:51
759447681597108224,9358,2795,07,30,2016,17:56
759557299618865152,5174,1331,07,31,2016,01:12
759793422261743616,6570,2157,07,31,2016,16:50
759846353224826880,7379,2249,07,31,2016,20:21
759923798737051648,16176,6458,08,01,2016,01:28
759943073749200896,6538,2361,08,01,2016,02:45
760190180481531904,6286,2054,08,01,2016,19:07
760252756032651264,4316,986,08,01,2016,23:15
760290219849637888,29429,13027,08,02,2016,01:44
760521673607086080,4653,1591,08,02,2016,17:04
760539183865880576,8335,4121,08,02,2016,18:14
760641137271070720,5437,1464,08,03,2016,00:59
760656994973933568,7282,2186,08,03,2016,02:02
760893934457552896,4205,1095,08,03,2016,17:43
761004547850530816,12398,3922,08,04,2016,01:03
761227390836215808,5869,1760,08,04,2016,15:48
761292947749015552,4927,1250,08,04,2016,20:09
761334018830917632,5753,1649,08,04,2016,22:52
761599872357261312,4545,1324,08,05,2016,16:28
761672994376806400,54590,33096,08,05,2016,21:19
761745352076779520,4680,974,08,06,2016,02:06
761976711479193600,5952,2291,08,06,2016,17:26
762035686371364864,35184,17757,08,06,2016,21:20
762316489655476224,5326,1284,08,07,2016,15:56
762464539388485632,11421,4797,08,08,2016,01:44
762471784394268672,12489,7516,08,08,2016,02:13
762699858130116608,13439,4153,08,08,2016,17:19
763103485927849984,8099,2580,08,09,2016,20:03
763183847194451968,5968,1683,08,10,2016,01:23
763837565564780544,13951,4790,08,11,2016,20:40
763956972077010944,806,61,08,12,2016,04:35
764259802650378240,6673,1726,08,13,2016,00:38
764857477905154048,7056,2006,08,14,2016,16:13
765222098633691136,12803,3864,08,15,2016,16:22
765371061932261376,7799,2451,08,16,2016,02:14
765395769549590528,20420,3109,08,16,2016,03:52
765669560888528896,5714,1394,08,16,2016,22:00
765719909049503744,7966,2452,08,17,2016,01:20
766008592277377024,4118,566,08,17,2016,20:27
766069199026450432,4727,996,08,18,2016,00:28
766313316352462848,7455,2148,08,18,2016,16:38
766423258543644672,6639,1806,08,18,2016,23:55
766693177336135680,4460,906,08,19,2016,17:47
766714921925144576,2858,434,08,19,2016,19:14
766793450729734144,5609,1550,08,20,2016,00:26
767122157629476864,11154,3235,08,20,2016,22:12
767191397493538816,13545,4357,08,21,2016,02:47
767500508068192256,8232,2659,08,21,2016,23:15
767754930266464256,17674,6148,08,22,2016,16:06
767884188863397888,5264,1610,08,23,2016,00:40
768193404517830656,12071,4035,08,23,2016,21:09
768473857036525568,15016,3912,08,24,2016,15:43
768596291618299904,5556,1457,08,24,2016,23:50
768609597686943744,4547,1373,08,25,2016,00:43
768855141948723200,4625,1024,08,25,2016,16:58
768970937022709760,15916,7474,08,26,2016,00:38
769212283578875904,5951,1947,08,26,2016,16:37
769695466921623552,7058,1902,08,28,2016,00:37
769940425801170944,34738,11012,08,28,2016,16:51
770069151037685760,8331,2621,08,29,2016,01:22
770293558247038976,6877,1693,08,29,2016,16:14
770414278348247040,6942,2358,08,30,2016,00:14
770655142660169728,8072,1988,08,30,2016,16:11
770772759874076672,5717,1604,08,30,2016,23:58
770787852854652928,5463,1399,08,31,2016,00:58
771014301343748096,6982,1761,08,31,2016,15:58
771102124360998912,6849,1637,08,31,2016,21:47
771136648247640064,10153,3327,09,01,2016,00:04
771380798096281600,11661,5837,09,01,2016,16:14
771500966810099712,9120,2982,09,02,2016,00:12
771770456517009408,13274,3883,09,02,2016,18:03
771908950375665664,7250,2152,09,03,2016,03:13
772102971039580160,4425,1057,09,03,2016,16:04
772114945936949248,2988,542,09,03,2016,16:52
772117678702071808,4140,837,09,03,2016,17:02
772152991789019136,4158,1287,09,03,2016,19:23
772193107915964416,6622,1584,09,03,2016,22:02
772581559778025472,7155,1947,09,04,2016,23:46
772826264096874496,8801,2647,09,05,2016,15:58
772877495989305344,9492,4446,09,05,2016,19:22
773191612633579520,11045,4694,09,06,2016,16:10
773247561583001600,10337,3655,09,06,2016,19:52
773308824254029824,25661,8553,09,06,2016,23:56
773547596996571136,24383,7061,09,07,2016,15:44
773670353721753600,5899,1479,09,07,2016,23:52
773704687002451968,7267,1862,09,08,2016,02:09
773922284943896576,7062,1972,09,08,2016,16:33
773985732834758656,11840,4438,09,08,2016,20:45
774314403806253056,24037,6396,09,09,2016,18:31
774639387460112384,7444,1993,09,10,2016,16:03
774757898236878848,9409,2012,09,10,2016,23:54
775085132600442880,17185,5423,09,11,2016,21:34
775350846108426240,11238,4480,09,12,2016,15:10
775364825476165632,8244,3430,09,12,2016,16:05
775729183532220416,14271,5248,09,13,2016,16:13
775733305207554048,15323,4581,09,13,2016,16:30
775842724423557120,12949,3069,09,13,2016,23:44
776088319444877312,2030,176,09,14,2016,16:00
776113305656188928,13016,4998,09,14,2016,17:40
776201521193218048,10608,2879,09,14,2016,23:30
776218204058357760,33122,18277,09,15,2016,00:36
776477788987613184,9798,3205,09,15,2016,17:48
776813020089548800,5403,1387,09,16,2016,16:00
777189768882946048,15814,4953,09,17,2016,16:57
777621514455814144,9689,2865,09,18,2016,21:33
777684233540206592,12431,3371,09,19,2016,01:42
777885040357281792,7033,1875,09,19,2016,15:00
778027034220126208,7267,1862,09,20,2016,00:24
778039087836069888,9371,3027,09,20,2016,01:12
778286810187399168,11506,3789,09,20,2016,17:36
778383385161035776,6482,1262,09,21,2016,00:00
778408200802557952,15052,4971,09,21,2016,01:39
778624900596654080,5154,1158,09,21,2016,16:00
778650543019483136,6403,1708,09,21,2016,17:42
778748913645780992,7660,1544,09,22,2016,00:13
778764940568104960,948,421,09,22,2016,01:16
778990705243029504,22198,8349,09,22,2016,16:13
779056095788752896,16403,5182,09,22,2016,20:33
779123168116150272,13102,4179,09,23,2016,01:00
779377524342161408,9774,3573,09,23,2016,17:50
779834332596887552,21096,8119,09,25,2016,00:06
780074436359819264,13628,5734,09,25,2016,16:00
780192070812196864,9654,2559,09,25,2016,23:47
780459368902959104,5849,1218,09,26,2016,17:29
780543529827336192,6987,2003,09,26,2016,23:04
780601303617732608,13431,3799,09,27,2016,02:53
780800785462489088,6095,1488,09,27,2016,16:06
780858289093574656,7984,2300,09,27,2016,19:54
780931614150983680,24026,8439,09,28,2016,00:46
781163403222056960,10821,3136,09,28,2016,16:07
781251288990355456,9377,2422,09,28,2016,21:56
781308096455073792,7915,2925,09,29,2016,01:42
781524693396357120,23015,6361,09,29,2016,16:03
781655249211752448,4431,1298,09,30,2016,00:41
781661882474196992,11556,3102,09,30,2016,01:08
781955203444699136,12290,3868,09,30,2016,20:33
782305867769217024,18501,6398,10,01,2016,19:47
782598640137187328,8643,2166,10,02,2016,15:10
782722598790725632,19121,6176,10,02,2016,23:23
782747134529531904,8259,1590,10,03,2016,01:00
782969140009107456,26795,8441,10,03,2016,15:42
783085703974514688,9033,2533,10,03,2016,23:25
783334639985389568,32429,13460,10,04,2016,15:55
783391753726550016,18772,6360,10,04,2016,19:42
783466772167098368,9403,2579,10,05,2016,00:40
783695101801398272,11579,3692,10,05,2016,15:47
783821107061198848,8165,2253,10,06,2016,00:08
783839966405230592,33438,12489,10,06,2016,01:23
784057939640352768,33258,12836,10,06,2016,15:49
784183165795655680,22360,9285,10,07,2016,00:06
784431430411685888,6292,1476,10,07,2016,16:33
784517518371221504,9980,2927,10,07,2016,22:15
784826020293709824,11249,3689,10,08,2016,18:41
785170936622350336,13410,5586,10,09,2016,17:31
785264754247995392,8085,1891,10,09,2016,23:44
785515384317313024,6768,1458,10,10,2016,16:20
785533386513321984,10119,2312,10,10,2016,17:32
785639753186217984,8666,2541,10,11,2016,00:34
785872687017132032,7434,2104,10,11,2016,16:00
785927819176054784,12606,3611,10,11,2016,19:39
786051337297522688,1602,177,10,12,2016,03:50
786233965241827328,17043,5507,10,12,2016,15:55
786286427768250368,8870,3313,10,12,2016,19:24
786363235746385920,12103,4040,10,13,2016,00:29
786595970293370880,10432,3564,10,13,2016,15:54
786664955043049472,11880,2969,10,13,2016,20:28
786709082849828864,20168,7002,10,13,2016,23:23
786963064373534720,29520,9233,10,14,2016,16:13
787322443945877504,8659,2009,10,15,2016,16:01
787397959788929024,12043,3257,10,15,2016,21:01
787717603741622272,11347,3210,10,16,2016,18:11
787810552592695296,9653,3504,10,17,2016,00:20
788039637453406208,6824,1521,10,17,2016,15:31
788150585577050112,6835,1497,10,17,2016,22:51
788178268662984704,8051,2459,10,18,2016,00:41
788412144018661376,15962,5916,10,18,2016,16:11
788765914992902144,30519,11899,10,19,2016,15:37
788908386943430656,30445,14280,10,20,2016,01:03
789137962068021248,10807,3215,10,20,2016,16:15
789268448748703744,10132,2979,10,21,2016,00:53
789314372632018944,9542,2643,10,21,2016,03:56
789530877013393408,13097,3902,10,21,2016,18:16
789599242079838208,7564,2247,10,21,2016,22:48
789628658055020544,8384,2055,10,22,2016,00:45
789903600034189312,11576,4802,10,22,2016,18:57
789986466051088384,10305,2672,10,23,2016,00:27
790277117346975744,13972,3703,10,23,2016,19:42
790337589677002752,8684,2153,10,23,2016,23:42
790581949425475584,22998,8247,10,24,2016,15:53
790698755171364864,9109,2182,10,24,2016,23:37
790946055508652032,18467,5437,10,25,2016,16:00
790987426131050496,11014,2456,10,25,2016,18:44
791312159183634432,9785,2934,10,26,2016,16:14
791406955684368384,14598,4745,10,26,2016,22:31
791672322847637504,13047,3623,10,27,2016,16:06
791774931465953280,49731,25530,10,27,2016,22:53
792050063153438720,7984,2067,10,28,2016,17:07
792394556390137856,15030,4953,10,29,2016,15:55
792773781206999040,8157,1942,10,30,2016,17:02
792883833364439040,12587,4924,10,31,2016,00:20
792913359805018112,15959,4662,10,31,2016,02:17
793120401413079040,14107,4511,10,31,2016,16:00
793135492858580992,7162,2869,10,31,2016,17:00
793150605191548928,6860,1969,10,31,2016,18:00
793165685325201408,10422,3212,10,31,2016,19:00
793180763617361920,7685,2297,10,31,2016,20:00
793195938047070208,16965,6465,10,31,2016,21:00
793210959003287552,9932,3262,10,31,2016,22:00
793226087023144960,10942,3307,10,31,2016,23:00
793241302385262592,11699,3772,11,01,2016,00:00
793256262322548736,22216,9601,11,01,2016,01:00
793271401113350144,9623,2728,11,01,2016,02:00
793286476301799424,27393,10607,11,01,2016,03:00
793500921481273344,11881,2749,11,01,2016,17:12
793601777308463104,8865,1893,11,01,2016,23:53
793845145112371200,10234,2165,11,02,2016,16:00
793962221541933056,18762,5654,11,02,2016,23:45
794205286408003584,10236,3845,11,03,2016,15:51
794332329137291264,10630,3059,11,04,2016,00:15
794926597468000256,11430,2670,11,05,2016,15:37
795076730285391872,18020,6236,11,06,2016,01:33
795400264262053888,11216,3291,11,06,2016,22:59
795464331001561088,55368,27454,11,07,2016,03:14
796031486298386432,11992,4258,11,08,2016,16:47
796080075804475392,9400,2670,11,08,2016,20:00
796116448414461952,10085,2784,11,08,2016,22:25
796125600683540480,5491,2068,11,08,2016,23:01
796149749086875648,35989,16474,11,09,2016,00:37
796387464403357696,12245,4803,11,09,2016,16:22
796484825502875648,8425,2024,11,09,2016,22:49
796759840936919040,13203,3533,11,10,2016,17:02
796865951799083008,8510,2175,11,11,2016,00:03
797165961484890112,255,32,11,11,2016,19:55
797236660651966464,22207,7643,11,12,2016,00:36
797545162159308800,16110,5594,11,12,2016,21:02
797971864723324928,12943,3618,11,14,2016,01:18
798209839306514432,11483,2933,11,14,2016,17:03
798925684722855936,8212,1650,11,16,2016,16:28
798933969379225600,14638,5152,11,16,2016,17:01
799063482566066176,9001,2838,11,17,2016,01:35
799297110730567680,10993,3198,11,17,2016,17:04
799422933579902976,8916,2194,11,18,2016,01:24
799757965289017344,9327,2481,11,18,2016,23:35
800018252395122688,31575,15201,11,19,2016,16:49
800141422401830912,16990,2954,11,20,2016,00:59
800388270626521088,12382,3227,11,20,2016,17:20
800459316964663296,10477,2462,11,20,2016,22:02
800513324630806528,14590,3456,11,21,2016,01:37
800751577355128832,11635,3187,11,21,2016,17:23
800859414831898624,772,112,11,22,2016,00:32
801115127852503040,8950,2403,11,22,2016,17:28
801167903437357056,27248,6902,11,22,2016,20:58
801285448605831168,6746,952,11,23,2016,04:45
801538201127157760,9078,2366,11,23,2016,21:29
801854953262350336,1944,272,11,24,2016,18:28
801958328846974976,8555,1974,11,25,2016,01:18
802239329049477120,10059,3017,11,25,2016,19:55
802265048156610560,6990,1564,11,25,2016,21:37
802323869084381184,18017,6757,11,26,2016,01:31
802572683846291456,9902,2900,11,26,2016,18:00
802600418706604032,7909,1694,11,26,2016,19:50
802952499103731712,10020,2315,11,27,2016,19:09
803276597545603072,11131,2850,11,28,2016,16:37
803380650405482496,8557,2146,11,28,2016,23:30
803638050916102144,12180,4785,11,29,2016,16:33
803773340896923648,11142,3184,11,30,2016,01:31
804026241225523200,49493,18725,11,30,2016,18:16
804475857670639616,6830,2338,12,02,2016,00:02
804738756058218496,15218,4446,12,02,2016,17:27
805207613751304192,8620,1950,12,04,2016,00:30
805487436403003392,9719,2910,12,04,2016,19:02
805520635690676224,6323,1894,12,04,2016,21:14
805826884734976000,7296,2116,12,05,2016,17:31
805932879469572096,9139,2187,12,06,2016,00:32
806219024703037440,7108,1380,12,06,2016,19:29
806542213899489280,11294,2741,12,07,2016,16:53
806576416489959424,5341,2210,12,07,2016,19:09
806629075125202944,83479,40433,12,07,2016,22:38
807010152071229440,14426,4387,12,08,2016,23:53
807106840509214720,121980,61512,12,09,2016,06:17
807621403335917568,16140,4243,12,10,2016,16:22
808001312164028416,13923,4059,12,11,2016,17:31
808106460588765184,9650,2503,12,12,2016,00:29
808344865868283904,46998,23882,12,12,2016,16:16
808501579447930880,12502,2984,12,13,2016,02:39
808733504066486272,8750,2488,12,13,2016,18:01
808838249661788160,11189,3501,12,14,2016,00:57
809084759137812480,14597,4020,12,14,2016,17:16
809220051211603968,22109,6490,12,15,2016,02:14
809448704142938112,7676,1682,12,15,2016,17:23
809920764300447744,17139,4476,12,17,2016,00:38
810254108431155200,16269,3863,12,17,2016,22:43
810284430598270976,39380,13254,12,18,2016,00:43
810657578271330304,12126,3035,12,19,2016,01:26
810896069567610880,10031,2080,12,19,2016,17:14
810984652412424192,5898,1642,12,19,2016,23:06
811386762094317568,23143,7373,12,21,2016,01:44
811627233043480576,14171,3615,12,21,2016,17:39
811647686436880384,6165,862,12,21,2016,19:01
811744202451197952,8366,1863,12,22,2016,01:24
811985624773361664,8054,1635,12,22,2016,17:23
812372279581671424,15135,4222,12,23,2016,19:00
812466873996607488,8846,2210,12,24,2016,01:16
812503143955202048,6748,1415,12,24,2016,03:40
812709060537683968,7329,1656,12,24,2016,17:18
812781120811126784,8328,2180,12,24,2016,22:04
813051746834595840,23173,8438,12,25,2016,16:00
813066809284972544,8808,2253,12,25,2016,17:00
813081950185472000,10927,3190,12,25,2016,18:00
813096984823349248,11620,4174,12,25,2016,19:00
813112105746448384,11441,3198,12,25,2016,20:00
813127251579564032,13154,3616,12,25,2016,21:00
813130366689148928,4933,508,12,25,2016,21:12
813142292504645632,9298,2701,12,25,2016,22:00
813157409116065792,8541,2538,12,25,2016,23:00
813172488309972992,10311,2219,12,26,2016,00:00
813187593374461952,21945,5039,12,26,2016,01:00
813202720496779264,10133,2073,12,26,2016,02:00
813217897535406080,20646,8407,12,26,2016,03:00
813800681631023104,9240,2035,12,27,2016,17:36
813812741911748608,40153,16134,12,27,2016,18:24
813910438903693312,10268,2172,12,28,2016,00:52
814153002265309184,31782,10002,12,28,2016,16:56
814530161257443328,9587,2139,12,29,2016,17:54
814638523311648768,12454,3112,12,30,2016,01:05
814986499976527872,8426,1496,12,31,2016,00:08
815390420867969024,11400,4367,01,01,2017,02:53
815639385530101760,9110,1895,01,01,2017,19:22
815736392542261248,10870,2601,01,02,2017,01:48
815966073409433600,24902,9812,01,02,2017,17:00
815990720817401856,5513,1198,01,02,2017,18:38
816091915477250048,9862,2479,01,03,2017,01:20
816336735214911488,9504,2248,01,03,2017,17:33
816450570814898176,33751,9304,01,04,2017,01:05
816697700272001024,10835,2520,01,04,2017,17:27
816816676327063552,11005,2341,01,05,2017,01:20
817056546584727552,9461,1904,01,05,2017,17:13
817120970343411712,13296,2990,01,05,2017,21:29
817171292965273600,9638,2309,01,06,2017,00:49
817415592588222464,6213,1119,01,06,2017,17:00
817423860136083456,37939,17331,01,06,2017,17:33
817536400337801216,13018,3475,01,07,2017,01:00
817777686764523520,11817,3060,01,07,2017,16:59
817827839487737856,57217,31031,01,07,2017,20:18
817908911860748288,5327,900,01,08,2017,01:40
818145370475810816,13600,2981,01,08,2017,17:20
818259473185828864,12137,2598,01,09,2017,00:53
818536468981415936,12066,2856,01,09,2017,19:14
818614493328580608,10890,2956,01,10,2017,00:24
818627210458333184,24431,8501,01,10,2017,01:15
819004803107983360,94939,41910,01,11,2017,02:15
819006400881917952,49681,21623,01,11,2017,02:21
819227688460238848,25478,7669,01,11,2017,17:01
819238181065359360,2528,459,01,11,2017,17:42
819347104292290560,7962,1375,01,12,2017,00:55
819588359383371776,10540,2258,01,12,2017,16:54
819711362133872640,14816,3576,01,13,2017,01:03
819924195358416896,14199,5556,01,13,2017,15:08
819952236453363712,5886,1356,01,13,2017,17:00
820078625395449856,21836,7184,01,14,2017,01:22
820314633777061888,3689,644,01,14,2017,17:00
820690176645140480,13438,3688,01,15,2017,17:52
820749716845686784,34760,11420,01,15,2017,21:49
821044531881721856,13934,2613,01,16,2017,17:20
821107785811234816,10579,2464,01,16,2017,21:32
821149554670182400,9645,2303,01,17,2017,00:18
821153421864615936,278,10,01,17,2017,00:33
821407182352777216,12988,5003,01,17,2017,17:21
821522889702862848,8825,2015,01,18,2017,01:01
821765923262631936,9266,1890,01,18,2017,17:07
821886076407029760,12497,2675,01,19,2017,01:04
822244816520155136,38599,11310,01,20,2017,00:50
822462944365645824,31564,17004,01,20,2017,15:17
822489057087389696,19976,7324,01,20,2017,17:00
822610361945911296,16210,3394,01,21,2017,01:02
822859134160621568,14484,2604,01,21,2017,17:31
822872901745569792,131946,47789,01,21,2017,18:26
822975315408461824,19015,3922,01,22,2017,01:12
823322678127919104,17314,4599,01,23,2017,00:13
823333489516937216,773,30,01,23,2017,00:56
823581115634085888,14297,3015,01,23,2017,17:20
823699002998870016,13755,2751,01,24,2017,01:08
823939628516474880,11681,3092,01,24,2017,17:04
824025158776213504,5225,675,01,24,2017,22:44
824297048279236608,16504,4425,01,25,2017,16:45
824325613288833024,12911,11753,01,25,2017,18:38
824663926340194304,11040,1979,01,26,2017,17:02
824775126675836928,16401,4027,01,27,2017,00:24
825026590719483904,6964,1469,01,27,2017,17:04
825147591692263424,20066,5206,01,28,2017,01:04
825535076884762624,56075,19495,01,29,2017,02:44
825829644528148480,13937,2832,01,29,2017,22:15
825876512159186944,11439,2135,01,30,2017,01:21
826115272272650240,17182,3570,01,30,2017,17:10
826204788643753984,5331,1067,01,30,2017,23:05
826240494070030336,14526,2946,01,31,2017,01:27
826476773533745152,20151,4784,01,31,2017,17:06
826598365270007808,11048,2686,02,01,2017,01:09
826598799820865536,5612,290,02,01,2017,01:11
826848821049180160,40071,11751,02,01,2017,17:44
826958653328592896,23617,5715,02,02,2017,01:01
827199976799354880,11585,2554,02,02,2017,17:00
827324948884643840,17401,3474,02,03,2017,01:16
827600520311402496,8100,1076,02,03,2017,19:31
827653905312006144,16873,3404,02,03,2017,23:04
827933404142436352,22049,5930,02,04,2017,17:34
828011680017821696,11326,2431,02,04,2017,22:45
828046555563323392,12861,3233,02,05,2017,01:04
828361771580813312,2395,194,02,05,2017,21:56
828372645993398272,13674,3313,02,05,2017,22:40
828376505180889088,8067,1204,02,05,2017,22:55
828381636999917568,13778,2526,02,05,2017,23:15
828408677031882752,8357,1461,02,06,2017,01:03
828409743546925056,6863,1293,02,06,2017,01:07
828650029636317184,10403,1533,02,06,2017,17:02
828708714936930304,39999,12764,02,06,2017,20:55
828770345708580864,27922,6689,02,07,2017,01:00
829011960981237760,57890,18463,02,07,2017,17:00
829141528400556032,26780,8453,02,08,2017,01:35
829374341691346944,37833,10609,02,08,2017,17:00
829449946868879360,11460,2309,02,08,2017,22:00
829501995190984704,34674,12096,02,09,2017,01:27
829861396166877184,13363,2225,02,10,2017,01:15
830097400375152640,10736,3431,02,10,2017,16:53
830583320585068544,72960,19128,02,12,2017,01:04
830956169170665472,8679,1721,02,13,2017,01:46
831262627380748288,12983,2335,02,13,2017,22:03
831309418084069376,12746,2761,02,14,2017,01:09
831315979191906304,7062,1256,02,14,2017,01:35
831322785565769728,9985,1730,02,14,2017,02:02
831552930092285952,9819,2611,02,14,2017,17:17
831650051525054464,7843,2220,02,14,2017,23:43
831670449226514432,11397,2044,02,15,2017,01:04
831911600680497152,30159,7391,02,15,2017,17:02
831926988323639296,368,39,02,15,2017,18:03
831939777352105984,26207,6969,02,15,2017,18:54
832032802820481024,13793,4705,02,16,2017,01:04
832088576586297344,72,3,02,16,2017,04:45
832273440279240704,12297,2649,02,16,2017,17:00
832369877331693568,18670,3623,02,16,2017,23:23
832397543355072512,13038,2520,02,17,2017,01:13
832636094638288896,17275,3189,02,17,2017,17:01
832645525019123712,3177,586,02,17,2017,17:38
832682457690300416,12930,3335,02,17,2017,20:05
832757312314028032,18305,4095,02,18,2017,01:03
832998151111966720,14462,2499,02,18,2017,17:00
833124694597443584,21992,5472,02,19,2017,01:23
833479644947025920,16155,2336,02,20,2017,00:53
833722901757046784,22452,3615,02,20,2017,17:00
833826103416520704,16629,3874,02,20,2017,23:50
833863086058651648,14563,2707,02,21,2017,02:17
834086379323871232,14208,2495,02,21,2017,17:04
834089966724603904,10892,2405,02,21,2017,17:18
834167344700198912,17099,4094,02,21,2017,22:26
834209720923721728,22441,5419,02,22,2017,01:14
834458053273591808,10453,1888,02,22,2017,17:41
834574053763584000,14897,2862,02,23,2017,01:22
834786237630337024,22820,6116,02,23,2017,15:25
834931633769889792,11768,1863,02,24,2017,01:03
835152434251116544,24403,3415,02,24,2017,15:40
835172783151792128,28375,6465,02,24,2017,17:01
835246439529840640,2247,82,02,24,2017,21:54
835264098648616960,8439,1924,02,24,2017,23:04
835297930240217088,17758,3362,02,25,2017,01:18
835574547218894848,19311,4089,02,25,2017,19:37
836001077879255040,20775,4883,02,26,2017,23:52
836260088725786624,23027,4812,02,27,2017,17:01
836380477523124224,15945,3305,02,28,2017,01:00
836677758902222848,13697,2498,02,28,2017,20:41
836753516572119040,20870,5183,03,01,2017,01:42
836989968035819520,13801,2586,03,01,2017,17:22
837110210464448512,17367,2707,03,02,2017,01:20
837366284874571776,22909,5948,03,02,2017,18:17
837471256429613056,13874,2601,03,03,2017,01:14
837482249356513280,4168,491,03,03,2017,01:58
837820167694528512,37061,8844,03,04,2017,00:21
838083903487373312,19074,3539,03,04,2017,17:49
838085839343206400,149,0,03,04,2017,17:56
838150277551247360,1814,364,03,04,2017,22:12
838476387338051584,24523,5434,03,05,2017,19:48
838561493054533632,11812,1490,03,06,2017,01:26
838921590096166912,12099,2332,03,07,2017,01:17
838952994649550848,21193,4468,03,07,2017,03:22
839239871831150592,29464,7353,03,07,2017,22:22
839549326359670784,29771,8730,03,08,2017,18:52
839990271299457024,14528,2569,03,10,2017,00:04
840268004936019968,20807,6433,03,10,2017,18:27
840370681858686976,17789,5106,03,11,2017,01:15
840632337062862848,9694,1954,03,11,2017,18:35
840696689258311680,13276,1107,03,11,2017,22:51
840698636975636480,196,3,03,11,2017,22:59
841077006473256960,24764,5941,03,13,2017,00:02
841314665196081152,17171,5262,03,13,2017,15:47
841320156043304960,21291,6045,03,13,2017,16:08
841439858740625408,13669,4126,03,14,2017,00:04
841680585030541312,27654,8669,03,14,2017,16:01
842115215311396864,15105,3354,03,15,2017,20:48
842163532590374912,26427,6497,03,16,2017,00:00
842535590457499648,19500,3905,03,17,2017,00:38
842765311967449088,7271,1431,03,17,2017,15:51
842846295480000512,16348,3992,03,17,2017,21:13
843235543001513984,23160,6790,03,18,2017,22:59
843604394117681152,18183,3054,03,19,2017,23:25
843856843873095680,23050,5183,03,20,2017,16:08
843981021012017152,16221,3255,03,21,2017,00:22
844223788422217728,14659,2436,03,21,2017,16:26
844580511645339648,17733,3504,03,22,2017,16:04
844704788403113984,41733,11529,03,23,2017,00:18
844973813909606400,16256,3581,03,23,2017,18:07
844979544864018432,14638,2884,03,23,2017,18:29
845306882940190720,25066,5992,03,24,2017,16:10
845397057150107648,8190,2046,03,24,2017,22:08
845677943972139008,26970,5314,03,25,2017,16:45
845812042753855488,31496,9780,03,26,2017,01:38
846042936437604352,17152,3198,03,26,2017,16:55
846139713627017216,33017,10871,03,26,2017,23:20
846153765933735936,34150,10117,03,27,2017,00:15
846505985330044928,15196,3453,03,27,2017,23:35
846514051647705088,48058,12946,03,28,2017,00:07
846874817362120704,21535,4370,03,29,2017,00:01
847116187444137984,22955,3547,03,29,2017,16:00
847157206088847360,21436,6508,03,29,2017,18:43
847251039262605312,21878,4756,03,30,2017,00:56
847606175596138496,20069,3746,03,31,2017,00:27
847617282490613760,7503,461,03,31,2017,01:11
847842811428974592,5895,1501,03,31,2017,16:07
847962785489326080,25133,5680,04,01,2017,00:04
848212111729840128,17490,3411,04,01,2017,16:35
848213670039564288,8768,824,04,01,2017,16:41
848324959059550208,26493,5103,04,02,2017,00:03
848690551926992896,26921,4775,04,03,2017,00:16
849051919805034496,32423,7312,04,04,2017,00:12
849336543269576704,12174,2082,04,04,2017,19:03
849412302885593088,16934,3454,04,05,2017,00:04
849776966551130112,32178,8337,04,06,2017,00:13
850019790995546112,21808,5404,04,06,2017,16:18
850145622816686080,17407,4210,04,07,2017,00:38
850333567704068096,3626,365,04,07,2017,13:04
850380195714523136,13907,2883,04,07,2017,16:10
850753642995093504,33120,10252,04,08,2017,16:54
851224888060895232,21965,6295,04,10,2017,00:06
851464819735769088,25770,7779,04,10,2017,16:00
851591660324737024,17205,3796,04,11,2017,00:24
852189679701164032,12146,1730,04,12,2017,16:00
852226086759018496,21241,7499,04,12,2017,18:25
852311364735569920,35114,10862,04,13,2017,00:03
852553447878664192,17365,3846,04,13,2017,16:05
852672615818899456,15820,2355,04,13,2017,23:59
852912242202992640,9576,2019,04,14,2017,15:51
853299958564483072,16413,3900,04,15,2017,17:32
853639147608842240,36945,11143,04,16,2017,16:00
853760880890318848,30239,6328,04,17,2017,00:03
854010172552949760,17063,3410,04,17,2017,16:34
854120357044912128,33693,8209,04,17,2017,23:52
854365224396361728,19920,5108,04,18,2017,16:05
854482394044301312,30911,7517,04,18,2017,23:50
854732716440526848,24054,6629,04,19,2017,16:25
855459453768019968,31467,8913,04,21,2017,16:33
855818117272018944,27897,5878,04,22,2017,16:18
855851453814013952,47550,19047,04,22,2017,18:31
855857698524602368,12410,2294,04,22,2017,18:55
855860136149123072,4724,1083,04,22,2017,19:05
855862651834028032,353,28,04,22,2017,19:15
856282028240666624,28924,6787,04,23,2017,23:01
856288084350160896,539,17,04,23,2017,23:26
856526610513747968,12382,2039,04,24,2017,15:13
856543823941562368,17033,3103,04,24,2017,16:22
857029823797047296,19793,4316,04,26,2017,00:33
857214891891077120,240,20,04,26,2017,12:48
857263160327368704,20905,4879,04,26,2017,16:00
857393404942143488,6200,1767,04,27,2017,00:38
857746408056729600,35801,11397,04,28,2017,00:00
857989990357356544,16840,2782,04,28,2017,16:08
858107933456039936,16420,3126,04,28,2017,23:57
858471635011153920,22475,5214,04,30,2017,00:02
858843525470990336,16198,3731,05,01,2017,00:40
859074603037188096,35352,14600,05,01,2017,15:58
859196978902773760,93872,32475,05,02,2017,00:04
859607811541651456,19357,1687,05,03,2017,03:17
859851578198683648,16010,3745,05,03,2017,19:26
859924526012018688,19903,4302,05,04,2017,00:15
860184849394610176,17380,6252,05,04,2017,17:30
860276583193509888,19030,3710,05,04,2017,23:34
860524505164394496,24531,5635,05,05,2017,16:00
860563773140209664,7825,2301,05,05,2017,18:36
861005113778896896,17398,4072,05,06,2017,23:49
861288531465048064,17893,4447,05,07,2017,18:36
861383897657036800,37512,11412,05,08,2017,00:54
862096992088072192,77525,24888,05,10,2017,00:08
862457590147678208,21339,5312,05,11,2017,00:01
862722525377298432,17684,3766,05,11,2017,17:34
862831371563274240,19899,5399,05,12,2017,00:46
863062471531167744,8883,2649,05,12,2017,16:05
863079547188785152,9061,1183,05,12,2017,17:12
863427515083354112,2348,105,05,13,2017,16:15
863432100342583296,24662,5606,05,13,2017,16:33
863553081350529024,15841,4445,05,14,2017,00:34
863907417377173504,21329,4399,05,15,2017,00:02
864197398364647424,31253,9512,05,15,2017,19:14
864279568663928832,15100,3238,05,16,2017,00:41
864873206498414592,33445,9278,05,17,2017,16:00
865006731092295680,28913,8126,05,18,2017,00:50
865359393868664832,27347,5314,05,19,2017,00:12
865718153858494464,26465,5946,05,19,2017,23:57
866334964761202688,54328,15380,05,21,2017,16:48
866450705531457536,106255,32599,05,22,2017,00:28
866686824827068416,19951,3696,05,22,2017,16:06
866720684873056256,20747,5109,05,22,2017,18:21
867051520902168576,33195,8338,05,23,2017,16:16
867421006826221568,16637,2664,05,24,2017,16:44
867774946302451712,34943,7717,05,25,2017,16:10
867900495410671616,24838,4393,05,26,2017,00:29
868552278524837888,10467,2209,05,27,2017,19:39
868622495443632128,28111,6212,05,28,2017,00:18
868880397819494400,54773,12392,05,28,2017,17:23
869227993411051520,20998,3993,05,29,2017,16:24
869596645499047936,16392,3284,05,30,2017,16:49
869702957897576448,28936,6651,05,30,2017,23:51
869772420881756160,43437,10542,05,31,2017,04:27
870063196459192320,37557,8741,05,31,2017,23:43
870308999962521600,22324,4342,06,01,2017,16:00
870374049280663552,84492,27404,06,01,2017,20:18
870656317836468224,12732,2781,06,02,2017,15:00
870726314365509632,120,3,06,02,2017,19:38
870804317367881728,33630,6324,06,03,2017,00:48
871032628920680448,23120,3962,06,03,2017,15:55
871102520638267392,21356,5709,06,03,2017,20:33
871515927908634624,20636,3596,06,04,2017,23:56
871762521631449088,20661,3629,06,05,2017,16:15
871879754684805120,38887,11752,06,06,2017,00:01
872122724285648896,35130,8448,06,06,2017,16:07
872261713294495744,34879,6583,06,07,2017,01:19
872486979161796608,41353,9329,06,07,2017,16:14
872620804844003328,21198,3862,06,08,2017,01:06
872820683541237760,14963,3848,06,08,2017,14:20
872967104147763200,27854,5610,06,09,2017,00:02
873213775632977920,7414,1647,06,09,2017,16:22
873580283840344064,24683,4094,06,10,2017,16:39
874012996292530176,35289,10872,06,11,2017,21:18
874057562936811520,23015,4099,06,12,2017,00:15
874296783580663808,26500,4267,06,12,2017,16:06
874680097055178752,28299,4808,06,13,2017,17:29
875021211251597312,25884,4874,06,14,2017,16:04
875097192612077568,27849,6277,06,14,2017,21:06
875144289856114688,22283,5092,06,15,2017,00:13
875747767867523072,25644,4458,06,16,2017,16:11
876120275196170240,28315,4853,06,17,2017,16:52
876484053909872640,19042,2488,06,18,2017,16:57
876537666061221888,23731,4756,06,18,2017,20:30
876838120628539392,21011,3484,06,19,2017,16:24
877201837425926144,27576,5795,06,20,2017,16:29
877316821321428992,27766,5360,06,21,2017,00:06
877556246731214848,23124,3952,06,21,2017,15:58
877736472329191424,81211,19850,06,22,2017,03:54
878057613040115712,42647,7091,06,23,2017,01:10
878281511006478336,7868,1335,06,23,2017,16:00
878604707211726848,30743,7484,06,24,2017,13:24
878776093423087616,19641,4270,06,25,2017,00:45
879008229531029504,19221,2786,06,25,2017,16:07
879050749262655488,22921,4871,06,25,2017,18:56
879376492567855104,17009,3224,06,26,2017,16:31
879415818425184256,107500,45520,06,26,2017,19:07
879492040517615616,23717,3288,06,27,2017,00:10
879674319642796032,316,10,06,27,2017,12:14
879862464715927552,22580,3609,06,28,2017,00:42
880095782870896640,27995,4481,06,28,2017,16:09
880221127280381952,27487,4377,06,29,2017,00:27
880465832366813184,28926,6470,06,29,2017,16:39
880872448815771648,21607,3935,06,30,2017,19:35
880935762899988480,17233,2861,06,30,2017,23:47
881268444196462592,23401,5311,07,01,2017,21:49
881536004380872704,50155,16489,07,02,2017,15:32
881633300179243008,129,7,07,02,2017,21:58
881666595344535552,51261,10989,07,03,2017,00:11
881906580714921984,24656,3505,07,03,2017,16:04
882045870035918848,29769,5142,07,04,2017,01:18
882268110199369728,45645,11959,07,04,2017,16:01
882627270321602560,28279,6273,07,05,2017,15:48
882762694511734784,28740,5065,07,06,2017,00:46
882992080364220416,24309,4070,07,06,2017,15:58
883117836046086144,37730,6871,07,07,2017,00:17
883360690899218432,22855,3786,07,07,2017,16:22
883482846933004288,46607,10300,07,08,2017,00:28
883838122936631296,22210,3544,07,09,2017,00:00
884162670584377344,20681,3086,07,09,2017,21:29
884247878851493888,73999,21026,07,10,2017,03:08
884441805382717440,27363,5815,07,10,2017,15:58
884562892145688576,24657,5065,07,11,2017,00:00
884876753390489600,28353,6018,07,11,2017,20:47
884925521741709312,78683,19075,07,12,2017,00:01
885167619883638784,22247,4506,07,12,2017,16:03
885518971528720384,20693,3865,07,13,2017,15:19
885528943205470208,36512,6615,07,13,2017,15:58
885984800019947520,33196,7011,07,14,2017,22:10
886258384151887872,28364,6479,07,15,2017,16:17
886267009285017600,117,4,07,15,2017,16:51
886366144734445568,21437,3277,07,15,2017,23:25
886680336477933568,22739,4582,07,16,2017,20:14
886736880519319552,12249,3395,07,16,2017,23:58
886983233522544640,35684,7998,07,17,2017,16:17
887101392804085760,30975,6121,07,18,2017,00:07
887343217045368832,34126,10667,07,18,2017,16:08
887473957103951872,69814,18698,07,19,2017,00:47
887517139158093824,46824,11997,07,19,2017,03:39
887705289381826560,30614,5556,07,19,2017,16:06
888078434458587136,22086,3615,07,20,2017,16:49
888554962724278272,20217,3702,07,22,2017,00:23
888804989199671296,25952,4505,07,22,2017,16:56
888917238123831296,29484,4649,07,23,2017,00:22
889278841981685760,25645,5603,07,24,2017,00:19
889531135344209920,15299,2296,07,24,2017,17:02
889638837579907072,27545,4675,07,25,2017,00:10
889665388333682688,38624,8465,07,25,2017,01:55
889880896479866880,28142,5095,07,25,2017,16:11
890006608113172480,31032,7538,07,26,2017,00:31
890240255349198848,32379,7640,07,26,2017,15:59
890609185150312448,28135,4371,07,27,2017,16:25
890729181411237888,66530,19479,07,28,2017,00:22
890971913173991424,12030,2132,07,28,2017,16:27
891087950875897856,20503,3218,07,29,2017,00:08
891327558926688256,40902,9670,07,29,2017,16:00
891689557279858688,42745,8886,07,30,2017,15:58
891815181378084864,25391,4276,07,31,2017,00:18
892177421306343424,33693,6451,08,01,2017,00:17
892420643555336192,39371,8796,08,01,2017,16:23
